Employee #,Last Name,First Name,Date,Time-in,Time-out
10001,Garcia,Manuel III,9/1/2022,8:00,17:00
10002,Lim,Antonio,9/1/2022,8:00,17:00
10003,Aquino,Bianca Sofia,9/1/2022,8:00,17:00
10004,Reyes,Isabella,9/1/2022,8:00,17:00
10005,Hernandez,Eduard,9/1/2022,8:00,17:00
10006,Villanueva,Andrea Mae,9/1/2022,8:00,17:00
10007,San Jose,Brad ,9/1/2022,8:27,17:00
10008,Romualdez,Alice,9/1/2022,8:01,17:00
10009,Atienza,Rosie ,9/1/2022,8:05,17:00
10010,Alvaro,Roderick,9/1/2022,8:00,17:00
10011,Salcedo,Anthony,9/1/2022,8:00,17:00
10012,Lopez,Josie ,9/1/2022,8:00,17:00
10013,Farala,Martha,9/1/2022,8:00,17:00
10014,Martinez,Leila,9/1/2022,8:00,17:00
10015,Romualdez,Fredrick ,9/1/2022,8:00,17:00
10016,Mata,Christian,9/1/2022,8:28,17:00
10017,De Leon,Selena ,9/1/2022,8:00,17:00
10018,San Jose,Allison ,9/1/2022,8:00,17:00
10019,Rosario,Cydney ,9/1/2022,8:00,17:00
10020,Bautista,Mark ,9/1/2022,8:00,17:00
10021,Lazaro,Darlene ,9/1/2022,8:11,17:00
10022,Delos Santos,Kolby ,9/1/2022,8:00,17:00
10023,Santos,Vella ,9/1/2022,8:00,17:00
10024,Del Rosario,Tomas,9/1/2022,8:21,17:00
10025,Tolentino,Jacklyn ,9/1/2022,8:00,17:00
10001,Garcia,Manuel III,9/2/2022,8:00,17:00
10002,Lim,Antonio,9/2/2022,8:00,17:00
10003,Aquino,Bianca Sofia,9/2/2022,8:00,17:00
10004,Reyes,Isabella,9/2/2022,8:00,17:00
10005,Hernandez,Eduard,9/2/2022,8:00,17:00
10006,Villanueva,Andrea Mae,9/2/2022,8:00,17:00
10007,San Jose,Brad ,9/2/2022,8:00,17:00
10008,Romualdez,Alice,9/2/2022,8:00,17:00
10009,Atienza,Rosie ,9/2/2022,8:00,17:00
10010,Alvaro,Roderick,9/2/2022,8:00,17:00
10011,Salcedo,Anthony,9/2/2022,8:00,17:00
10012,Lopez,Josie ,9/2/2022,8:00,17:00
10013,Farala,Martha,9/2/2022,8:00,17:00
10014,Martinez,Leila,9/2/2022,8:00,17:00
10015,Romualdez,Fredrick ,9/2/2022,8:00,17:00
10016,Mata,Christian,9/2/2022,8:00,17:00
10017,De Leon,Selena ,9/2/2022,8:00,17:00
10018,San Jose,Allison ,9/2/2022,8:00,17:00
10019,Rosario,Cydney ,9/2/2022,8:00,17:00
10020,Bautista,Mark ,9/2/2022,8:00,17:00
10021,Lazaro,Darlene ,9/2/2022,8:00,17:00
10022,Delos Santos,Kolby ,9/2/2022,8:00,17:00
10023,Santos,Vella ,9/2/2022,8:00,17:00
10024,Del Rosario,Tomas,9/2/2022,8:00,17:00
10025,Tolentino,Jacklyn ,9/2/2022,8:00,17:00
10001,Garcia,Manuel III,9/5/2022,8:00,17:00
10002,Lim,Antonio,9/5/2022,8:00,17:00
10003,Aquino,Bianca Sofia,9/5/2022,8:00,17:00
10004,Reyes,Isabella,9/5/2022,8:00,17:00
10005,Hernandez,Eduard,9/5/2022,8:15,17:00
10006,Villanueva,Andrea Mae,9/5/2022,8:00,17:00
10007,San Jose,Brad ,9/5/2022,8:00,17:00
10008,Romualdez,Alice,9/5/2022,8:00,17:00
10009,Atienza,Rosie ,9/5/2022,8:00,17:00
10010,Alvaro,Roderick,9/5/2022,8:00,17:00
10011,Salcedo,Anthony,9/5/2022,10:30,17:00
10012,Lopez,Josie ,9/5/2022,8:00,17:00
10013,Farala,Martha,9/5/2022,8:00,17:00
10014,Martinez,Leila,9/5/2022,8:00,17:00
10015,Romualdez,Fredrick ,9/5/2022,8:00,17:00
10016,Mata,Christian,9/5/2022,8:00,17:00
10017,De Leon,Selena ,9/5/2022,8:00,17:00
10018,San Jose,Allison ,9/5/2022,8:00,17:00
10019,Rosario,Cydney ,9/5/2022,8:00,17:00
10020,Bautista,Mark ,9/5/2022,8:00,17:00
10021,Lazaro,Darlene ,9/5/2022,13:00,17:00
10022,Delos Santos,Kolby ,9/5/2022,8:00,17:00
10023,Santos,Vella ,9/5/2022,8:00,17:00
10024,Del Rosario,Tomas,9/5/2022,8:00,17:00
10025,Tolentino,Jacklyn ,9/5/2022,8:00,17:00
10001,Garcia,Manuel III,9/6/2022,8:00,17:00
10002,Lim,Antonio,9/6/2022,8:00,17:00
10003,Aquino,Bianca Sofia,9/6/2022,11:30,17:00
10004,Reyes,Isabella,9/6/2022,8:00,17:00
10005,Hernandez,Eduard,9/6/2022,8:00,17:00
10006,Villanueva,Andrea Mae,9/6/2022,8:00,17:00
10007,San Jose,Brad ,9/6/2022,8:00,17:00
10008,Romualdez,Alice,9/6/2022,8:10,17:00
10009,Atienza,Rosie ,9/6/2022,0:00,0:00
10010,Alvaro,Roderick,9/6/2022,8:00,17:00
10011,Salcedo,Anthony,9/6/2022,8:00,17:00
10012,Lopez,Josie ,9/6/2022,8:00,17:00
10013,Farala,Martha,9/6/2022,8:00,17:00
10014,Martinez,Leila,9/6/2022,8:00,17:00
10015,Romualdez,Fredrick ,9/6/2022,8:00,17:00
10016,Mata,Christian,9/6/2022,8:00,17:00
10017,De Leon,Selena ,9/6/2022,8:05,17:00
10018,San Jose,Allison ,9/6/2022,8:00,17:00
10019,Rosario,Cydney ,9/6/2022,8:00,17:00
10020,Bautista,Mark ,9/6/2022,8:00,17:00
10021,Lazaro,Darlene ,9/6/2022,8:00,17:00
10022,Delos Santos,Kolby ,9/6/2022,8:00,17:00
10023,Santos,Vella ,9/6/2022,9:00,17:00
10024,Del Rosario,Tomas,9/6/2022,8:00,17:00
10025,Tolentino,Jacklyn ,9/6/2022,8:00,17:00
10001,Garcia,Manuel III,9/7/2022,8:00,17:00
10002,Lim,Antonio,9/7/2022,8:00,17:00
10003,Aquino,Bianca Sofia,9/7/2022,8:00,17:00
10004,Reyes,Isabella,9/7/2022,8:00,17:00
10005,Hernandez,Eduard,9/7/2022,8:00,17:00
10006,Villanueva,Andrea Mae,9/7/2022,8:00,17:00
10007,San Jose,Brad ,9/7/2022,8:00,17:00
10008,Romualdez,Alice,9/7/2022,8:00,17:00
10009,Atienza,Rosie ,9/7/2022,0:00,0:00
10010,Alvaro,Roderick,9/7/2022,8:00,17:00
10011,Salcedo,Anthony,9/7/2022,8:00,17:00
10012,Lopez,Josie ,9/7/2022,8:00,17:00
10013,Farala,Martha,9/7/2022,8:00,17:00
10014,Martinez,Leila,9/7/2022,8:00,17:00
10015,Romualdez,Fredrick ,9/7/2022,8:00,17:00
10016,Mata,Christian,9/7/2022,8:00,17:00
10017,De Leon,Selena ,9/7/2022,8:00,17:00
10018,San Jose,Allison ,9/7/2022,8:00,17:00
10019,Rosario,Cydney ,9/7/2022,8:00,17:00
10020,Bautista,Mark ,9/7/2022,8:00,17:00
10021,Lazaro,Darlene ,9/7/2022,8:00,17:00
10022,Delos Santos,Kolby ,9/7/2022,8:00,17:00
10023,Santos,Vella ,9/7/2022,8:00,17:00
10024,Del Rosario,Tomas,9/7/2022,8:00,17:00
10025,Tolentino,Jacklyn ,9/7/2022,8:00,17:00
10001,Garcia,Manuel III,9/8/2022,8:00,17:00
10002,Lim,Antonio,9/8/2022,8:00,17:00
10003,Aquino,Bianca Sofia,9/8/2022,8:00,17:00
10004,Reyes,Isabella,9/8/2022,8:00,17:00
10005,Hernandez,Eduard,9/8/2022,8:00,17:00
10006,Villanueva,Andrea Mae,9/8/2022,8:00,17:00
10007,San Jose,Brad ,9/8/2022,8:00,17:00
10008,Romualdez,Alice,9/8/2022,8:00,17:00
10009,Atienza,Rosie ,9/8/2022,0:00,0:00
10010,Alvaro,Roderick,9/8/2022,8:00,17:00
10011,Salcedo,Anthony,9/8/2022,8:00,17:00
10012,Lopez,Josie ,9/8/2022,8:00,17:00
10013,Farala,Martha,9/8/2022,10:00,17:00
10014,Martinez,Leila,9/8/2022,10:00,17:00
10015,Romualdez,Fredrick ,9/8/2022,10:00,17:00
10016,Mata,Christian,9/8/2022,10:00,17:00
10017,De Leon,Selena ,9/8/2022,10:00,17:00
10018,San Jose,Allison ,9/8/2022,10:00,17:00
10019,Rosario,Cydney ,9/8/2022,10:00,17:00
10020,Bautista,Mark ,9/8/2022,10:00,17:00
10021,Lazaro,Darlene ,9/8/2022,10:00,17:00
10022,Delos Santos,Kolby ,9/8/2022,10:00,17:00
10023,Santos,Vella ,9/8/2022,10:00,17:00
10024,Del Rosario,Tomas,9/8/2022,10:00,17:00
10025,Tolentino,Jacklyn ,9/8/2022,10:00,17:00
10001,Garcia,Manuel III,9/9/2022,8:00,17:00
10002,Lim,Antonio,9/9/2022,8:00,17:00
10003,Aquino,Bianca Sofia,9/9/2022,8:00,17:00
10004,Reyes,Isabella,9/9/2022,8:00,17:00
10005,Hernandez,Eduard,9/9/2022,8:00,17:00
10006,Villanueva,Andrea Mae,9/9/2022,8:00,17:00
10007,San Jose,Brad ,9/9/2022,8:00,17:00
10008,Romualdez,Alice,9/9/2022,8:00,17:00
10009,Atienza,Rosie ,9/9/2022,0:00,0:00
10010,Alvaro,Roderick,9/9/2022,8:00,17:00
10011,Salcedo,Anthony,9/9/2022,8:00,17:00
10012,Lopez,Josie ,9/9/2022,8:00,17:00
10013,Farala,Martha,9/9/2022,8:00,17:00
10014,Martinez,Leila,9/9/2022,8:00,17:00
10015,Romualdez,Fredrick ,9/9/2022,8:00,17:00
10016,Mata,Christian,9/9/2022,8:00,17:00
10017,De Leon,Selena ,9/9/2022,8:00,17:00
10018,San Jose,Allison ,9/9/2022,8:00,17:00
10019,Rosario,Cydney ,9/9/2022,8:00,17:00
10020,Bautista,Mark ,9/9/2022,8:00,17:00
10021,Lazaro,Darlene ,9/9/2022,8:00,17:00
10022,Delos Santos,Kolby ,9/9/2022,8:00,17:00
10023,Santos,Vella ,9/9/2022,8:00,17:00
10024,Del Rosario,Tomas,9/9/2022,8:00,17:00
10025,Tolentino,Jacklyn ,9/9/2022,8:00,17:00
10001,Garcia,Manuel III,9/12/2022,8:00,17:00
10002,Lim,Antonio,9/12/2022,8:00,17:00
10003,Aquino,Bianca Sofia,9/12/2022,8:00,17:00
10004,Reyes,Isabella,9/12/2022,8:00,17:00
10005,Hernandez,Eduard,9/12/2022,8:00,17:00
10006,Villanueva,Andrea Mae,9/12/2022,8:00,17:00
10007,San Jose,Brad ,9/12/2022,8:27,17:00
10008,Romualdez,Alice,9/12/2022,8:01,17:00
10009,Atienza,Rosie ,9/12/2022,0:00,0:00
10010,Alvaro,Roderick,9/12/2022,8:00,17:00
10011,Salcedo,Anthony,9/12/2022,8:00,17:00
10012,Lopez,Josie ,9/12/2022,8:00,17:00
10013,Farala,Martha,9/12/2022,8:00,17:00
10014,Martinez,Leila,9/12/2022,8:00,17:00
10015,Romualdez,Fredrick ,9/12/2022,8:00,17:00
10016,Mata,Christian,9/12/2022,8:28,17:00
10017,De Leon,Selena ,9/12/2022,8:00,17:00
10018,San Jose,Allison ,9/12/2022,8:00,17:00
10019,Rosario,Cydney ,9/12/2022,8:00,17:00
10020,Bautista,Mark ,9/12/2022,8:00,17:00
10021,Lazaro,Darlene ,9/12/2022,8:11,17:00
10022,Delos Santos,Kolby ,9/12/2022,8:00,17:00
10023,Santos,Vella ,9/12/2022,8:00,17:00
10024,Del Rosario,Tomas,9/12/2022,8:21,17:00
10025,Tolentino,Jacklyn ,9/12/2022,8:00,17:00
10001,Garcia,Manuel III,9/13/2022,8:00,17:00
10002,Lim,Antonio,9/13/2022,8:00,17:00
10003,Aquino,Bianca Sofia,9/13/2022,8:00,17:00
10004,Reyes,Isabella,9/13/2022,8:00,17:00
10005,Hernandez,Eduard,9/13/2022,8:00,17:00
10006,Villanueva,Andrea Mae,9/13/2022,8:00,17:00
10007,San Jose,Brad ,9/13/2022,8:00,17:00
10008,Romualdez,Alice,9/13/2022,8:00,17:00
10009,Atienza,Rosie ,9/13/2022,8:00,17:00
10010,Alvaro,Roderick,9/13/2022,8:00,17:00
10011,Salcedo,Anthony,9/13/2022,8:00,17:00
10012,Lopez,Josie ,9/13/2022,8:00,17:00
10013,Farala,Martha,9/13/2022,8:00,17:00
10014,Martinez,Leila,9/13/2022,8:00,17:00
10015,Romualdez,Fredrick ,9/13/2022,8:00,17:00
10016,Mata,Christian,9/13/2022,8:00,17:00
10017,De Leon,Selena ,9/13/2022,0:00,0:00
10018,San Jose,Allison ,9/13/2022,8:00,17:00
10019,Rosario,Cydney ,9/13/2022,8:00,17:00
10020,Bautista,Mark ,9/13/2022,8:00,17:00
10021,Lazaro,Darlene ,9/13/2022,8:00,17:00
10022,Delos Santos,Kolby ,9/13/2022,8:00,17:00
10023,Santos,Vella ,9/13/2022,8:00,17:00
10024,Del Rosario,Tomas,9/13/2022,8:00,17:00
10025,Tolentino,Jacklyn ,9/13/2022,8:00,17:00
10001,Garcia,Manuel III,9/14/2022,8:00,17:00
10002,Lim,Antonio,9/14/2022,8:00,17:00
10003,Aquino,Bianca Sofia,9/14/2022,8:00,17:00
10004,Reyes,Isabella,9/14/2022,8:00,17:00
10005,Hernandez,Eduard,9/14/2022,8:15,17:00
10006,Villanueva,Andrea Mae,9/14/2022,8:00,17:00
10007,San Jose,Brad ,9/14/2022,8:00,17:00
10008,Romualdez,Alice,9/14/2022,8:00,17:00
10009,Atienza,Rosie ,9/14/2022,8:00,17:00
10010,Alvaro,Roderick,9/14/2022,8:00,17:00
10011,Salcedo,Anthony,9/14/2022,10:30,17:00
10012,Lopez,Josie ,9/14/2022,8:00,17:00
10013,Farala,Martha,9/14/2022,8:00,17:00
10014,Martinez,Leila,9/14/2022,8:00,17:00
10015,Romualdez,Fredrick ,9/14/2022,8:00,17:00
10016,Mata,Christian,9/14/2022,8:00,17:00
10017,De Leon,Selena ,9/14/2022,8:00,17:00
10018,San Jose,Allison ,9/14/2022,8:00,17:00
10019,Rosario,Cydney ,9/14/2022,8:00,17:00
10020,Bautista,Mark ,9/14/2022,8:00,17:00
10021,Lazaro,Darlene ,9/14/2022,13:00,17:00
10022,Delos Santos,Kolby ,9/14/2022,8:00,17:00
10023,Santos,Vella ,9/14/2022,8:00,17:00
10024,Del Rosario,Tomas,9/14/2022,8:00,17:00
10025,Tolentino,Jacklyn ,9/14/2022,8:00,17:00
10001,Garcia,Manuel III,9/15/2022,8:00,17:00
10002,Lim,Antonio,9/15/2022,8:00,17:00
10003,Aquino,Bianca Sofia,9/15/2022,11:30,17:00
10004,Reyes,Isabella,9/15/2022,8:00,17:00
10005,Hernandez,Eduard,9/15/2022,8:00,17:00
10006,Villanueva,Andrea Mae,9/15/2022,8:00,17:00
10007,San Jose,Brad ,9/15/2022,8:00,17:00
10008,Romualdez,Alice,9/15/2022,8:10,17:00
10009,Atienza,Rosie ,9/15/2022,8:00,17:00
10010,Alvaro,Roderick,9/15/2022,8:00,17:00
10011,Salcedo,Anthony,9/15/2022,8:00,17:00
10012,Lopez,Josie ,9/15/2022,8:00,17:00
10013,Farala,Martha,9/15/2022,8:00,17:00
10014,Martinez,Leila,9/15/2022,8:00,17:00
10015,Romualdez,Fredrick ,9/15/2022,8:00,17:00
10016,Mata,Christian,9/15/2022,8:00,17:00
10017,De Leon,Selena ,9/15/2022,8:05,17:00
10018,San Jose,Allison ,9/15/2022,8:00,17:00
10019,Rosario,Cydney ,9/15/2022,8:00,17:00
10020,Bautista,Mark ,9/15/2022,8:00,17:00
10021,Lazaro,Darlene ,9/15/2022,8:00,17:00
10022,Delos Santos,Kolby ,9/15/2022,8:00,17:00
10023,Santos,Vella ,9/15/2022,9:00,17:00
10024,Del Rosario,Tomas,9/15/2022,0:00,0:00
10025,Tolentino,Jacklyn ,9/15/2022,8:00,17:00
10001,Garcia,Manuel III,9/16/2022,8:00,17:00
10002,Lim,Antonio,9/16/2022,8:00,17:00
10003,Aquino,Bianca Sofia,9/16/2022,8:00,17:00
10004,Reyes,Isabella,9/16/2022,8:00,17:00
10005,Hernandez,Eduard,9/16/2022,8:00,17:00
10006,Villanueva,Andrea Mae,9/16/2022,8:00,17:00
10007,San Jose,Brad ,9/16/2022,8:00,17:00
10008,Romualdez,Alice,9/16/2022,8:00,17:00
10009,Atienza,Rosie ,9/16/2022,8:00,17:00
10010,Alvaro,Roderick,9/16/2022,8:00,17:00
10011,Salcedo,Anthony,9/16/2022,8:00,17:00
10012,Lopez,Josie ,9/16/2022,8:00,17:00
10013,Farala,Martha,9/16/2022,8:00,17:00
10014,Martinez,Leila,9/16/2022,8:00,17:00
10015,Romualdez,Fredrick ,9/16/2022,8:00,17:00
10016,Mata,Christian,9/16/2022,8:00,17:00
10017,De Leon,Selena ,9/16/2022,8:00,17:00
10018,San Jose,Allison ,9/16/2022,8:00,17:00
10019,Rosario,Cydney ,9/16/2022,8:00,17:00
10020,Bautista,Mark ,9/16/2022,8:00,17:00
10021,Lazaro,Darlene ,9/16/2022,8:00,17:00
10022,Delos Santos,Kolby ,9/16/2022,8:00,17:00
10023,Santos,Vella ,9/16/2022,8:00,17:00
10024,Del Rosario,Tomas,9/16/2022,8:00,17:00
10025,Tolentino,Jacklyn ,9/16/2022,8:00,17:00
10001,Garcia,Manuel III,9/19/2022,8:00,17:00
10002,Lim,Antonio,9/19/2022,8:00,17:00
10003,Aquino,Bianca Sofia,9/19/2022,8:00,17:00
10004,Reyes,Isabella,9/19/2022,8:00,17:00
10005,Hernandez,Eduard,9/19/2022,8:00,17:00
10006,Villanueva,Andrea Mae,9/19/2022,8:00,17:00
10007,San Jose,Brad ,9/19/2022,8:00,17:00
10008,Romualdez,Alice,9/19/2022,8:00,17:00
10009,Atienza,Rosie ,9/19/2022,8:00,17:00
10010,Alvaro,Roderick,9/19/2022,8:00,17:00
10011,Salcedo,Anthony,9/19/2022,8:00,17:00
10012,Lopez,Josie ,9/19/2022,8:00,17:00
10013,Farala,Martha,9/19/2022,10:00,17:00
10014,Martinez,Leila,9/19/2022,10:00,17:00
10015,Romualdez,Fredrick ,9/19/2022,10:00,17:00
10016,Mata,Christian,9/19/2022,10:00,17:00
10017,De Leon,Selena ,9/19/2022,0:00,0:00
10018,San Jose,Allison ,9/19/2022,10:00,17:00
10019,Rosario,Cydney ,9/19/2022,10:00,17:00
10020,Bautista,Mark ,9/19/2022,10:00,17:00
10021,Lazaro,Darlene ,9/19/2022,10:00,17:00
10022,Delos Santos,Kolby ,9/19/2022,10:00,17:00
10023,Santos,Vella ,9/19/2022,10:00,17:00
10024,Del Rosario,Tomas,9/19/2022,10:00,17:00
10025,Tolentino,Jacklyn ,9/19/2022,10:00,17:00
10001,Garcia,Manuel III,9/20/2022,8:00,17:00
10002,Lim,Antonio,9/20/2022,8:00,17:00
10003,Aquino,Bianca Sofia,9/20/2022,8:00,17:00
10004,Reyes,Isabella,9/20/2022,8:00,17:00
10005,Hernandez,Eduard,9/20/2022,8:00,17:00
10006,Villanueva,Andrea Mae,9/20/2022,8:00,17:00
10007,San Jose,Brad ,9/20/2022,8:00,17:00
10008,Romualdez,Alice,9/20/2022,8:00,17:00
10009,Atienza,Rosie ,9/20/2022,8:00,17:00
10010,Alvaro,Roderick,9/20/2022,8:00,17:00
10011,Salcedo,Anthony,9/20/2022,8:00,17:00
10012,Lopez,Josie ,9/20/2022,8:00,17:00
10013,Farala,Martha,9/20/2022,8:00,17:00
10014,Martinez,Leila,9/20/2022,8:00,17:00
10015,Romualdez,Fredrick ,9/20/2022,8:00,17:00
10016,Mata,Christian,9/20/2022,8:00,17:00
10017,De Leon,Selena ,9/20/2022,8:00,17:00
10018,San Jose,Allison ,9/20/2022,0:00,0:00
10019,Rosario,Cydney ,9/20/2022,8:00,17:00
10020,Bautista,Mark ,9/20/2022,8:00,17:00
10021,Lazaro,Darlene ,9/20/2022,8:00,17:00
10022,Delos Santos,Kolby ,9/20/2022,8:00,17:00
10023,Santos,Vella ,9/20/2022,8:00,17:00
10024,Del Rosario,Tomas,9/20/2022,8:00,17:00
10025,Tolentino,Jacklyn ,9/20/2022,8:00,17:00
10001,Garcia,Manuel III,9/21/2022,8:00,17:00
10002,Lim,Antonio,9/21/2022,8:00,17:00
10003,Aquino,Bianca Sofia,9/21/2022,8:00,17:00
10004,Reyes,Isabella,9/21/2022,8:00,17:00
10005,Hernandez,Eduard,9/21/2022,8:00,17:00
10006,Villanueva,Andrea Mae,9/21/2022,8:00,17:00
10007,San Jose,Brad ,9/21/2022,8:27,17:00
10008,Romualdez,Alice,9/21/2022,8:01,17:00
10009,Atienza,Rosie ,9/21/2022,8:05,17:00
10010,Alvaro,Roderick,9/21/2022,8:00,17:00
10011,Salcedo,Anthony,9/21/2022,8:00,17:00
10012,Lopez,Josie ,9/21/2022,8:00,17:00
10013,Farala,Martha,9/21/2022,8:00,17:00
10014,Martinez,Leila,9/21/2022,8:00,17:00
10015,Romualdez,Fredrick ,9/21/2022,8:00,17:00
10016,Mata,Christian,9/21/2022,8:28,17:00
10017,De Leon,Selena ,9/21/2022,8:00,17:00
10018,San Jose,Allison ,9/21/2022,0:00,0:00
10019,Rosario,Cydney ,9/21/2022,8:00,17:00
10020,Bautista,Mark ,9/21/2022,8:00,17:00
10021,Lazaro,Darlene ,9/21/2022,8:11,17:00
10022,Delos Santos,Kolby ,9/21/2022,8:00,17:00
10023,Santos,Vella ,9/21/2022,8:00,17:00
10024,Del Rosario,Tomas,9/21/2022,8:21,17:00
10025,Tolentino,Jacklyn ,9/21/2022,8:00,17:00
10001,Garcia,Manuel III,9/22/2022,8:00,17:00
10002,Lim,Antonio,9/22/2022,8:00,17:00
10003,Aquino,Bianca Sofia,9/22/2022,8:00,17:00
10004,Reyes,Isabella,9/22/2022,8:00,17:00
10005,Hernandez,Eduard,9/22/2022,8:00,17:00
10006,Villanueva,Andrea Mae,9/22/2022,8:00,17:00
10007,San Jose,Brad ,9/22/2022,8:00,17:00
10008,Romualdez,Alice,9/22/2022,8:00,17:00
10009,Atienza,Rosie ,9/22/2022,8:00,17:00
10010,Alvaro,Roderick,9/22/2022,8:00,17:00
10011,Salcedo,Anthony,9/22/2022,8:00,17:00
10012,Lopez,Josie ,9/22/2022,8:00,17:00
10013,Farala,Martha,9/22/2022,8:00,17:00
10014,Martinez,Leila,9/22/2022,8:00,17:00
10015,Romualdez,Fredrick ,9/22/2022,8:00,17:00
10016,Mata,Christian,9/22/2022,8:00,17:00
10017,De Leon,Selena ,9/22/2022,8:00,17:00
10018,San Jose,Allison ,9/22/2022,8:00,17:00
10019,Rosario,Cydney ,9/22/2022,8:00,17:00
10020,Bautista,Mark ,9/22/2022,8:00,17:00
10021,Lazaro,Darlene ,9/22/2022,8:00,17:00
10022,Delos Santos,Kolby ,9/22/2022,8:00,17:00
10023,Santos,Vella ,9/22/2022,8:00,17:00
10024,Del Rosario,Tomas,9/22/2022,8:00,17:00
10025,Tolentino,Jacklyn ,9/22/2022,8:00,17:00
10001,Garcia,Manuel III,9/23/2022,8:00,17:00
10002,Lim,Antonio,9/23/2022,8:00,17:00
10003,Aquino,Bianca Sofia,9/23/2022,8:00,17:00
10004,Reyes,Isabella,9/23/2022,8:00,17:00
10005,Hernandez,Eduard,9/23/2022,8:15,17:00
10006,Villanueva,Andrea Mae,9/23/2022,8:00,17:00
10007,San Jose,Brad ,9/23/2022,8:00,17:00
10008,Romualdez,Alice,9/23/2022,8:00,17:00
10009,Atienza,Rosie ,9/23/2022,8:00,17:00
10010,Alvaro,Roderick,9/23/2022,8:00,17:00
10011,Salcedo,Anthony,9/23/2022,10:30,17:00
10012,Lopez,Josie ,9/23/2022,8:00,17:00
10013,Farala,Martha,9/23/2022,8:00,17:00
10014,Martinez,Leila,9/23/2022,8:00,17:00
10015,Romualdez,Fredrick ,9/23/2022,8:00,17:00
10016,Mata,Christian,9/23/2022,8:00,17:00
10017,De Leon,Selena ,9/23/2022,8:00,17:00
10018,San Jose,Allison ,9/23/2022,8:00,17:00
10019,Rosario,Cydney ,9/23/2022,8:00,17:00
10020,Bautista,Mark ,9/23/2022,8:00,17:00
10021,Lazaro,Darlene ,9/23/2022,13:00,17:00
10022,Delos Santos,Kolby ,9/23/2022,8:00,17:00
10023,Santos,Vella ,9/23/2022,8:00,17:00
10024,Del Rosario,Tomas,9/23/2022,8:00,17:00
10025,Tolentino,Jacklyn ,9/23/2022,8:00,17:00
10001,Garcia,Manuel III,9/26/2022,8:00,17:00
10002,Lim,Antonio,9/26/2022,8:00,17:00
10003,Aquino,Bianca Sofia,9/26/2022,11:30,17:00
10004,Reyes,Isabella,9/26/2022,8:00,17:00
10005,Hernandez,Eduard,9/26/2022,8:00,17:00
10006,Villanueva,Andrea Mae,9/26/2022,8:00,17:00
10007,San Jose,Brad ,9/26/2022,8:00,17:00
10008,Romualdez,Alice,9/26/2022,8:10,17:00
10009,Atienza,Rosie ,9/26/2022,8:00,17:00
10010,Alvaro,Roderick,9/26/2022,8:00,17:00
10011,Salcedo,Anthony,9/26/2022,8:00,17:00
10012,Lopez,Josie ,9/26/2022,8:00,17:00
10013,Farala,Martha,9/26/2022,8:00,17:00
10014,Martinez,Leila,9/26/2022,8:00,17:00
10015,Romualdez,Fredrick ,9/26/2022,8:00,17:00
10016,Mata,Christian,9/26/2022,8:00,17:00
10017,De Leon,Selena ,9/26/2022,8:05,17:00
10018,San Jose,Allison ,9/26/2022,8:00,17:00
10019,Rosario,Cydney ,9/26/2022,8:00,17:00
10020,Bautista,Mark ,9/26/2022,8:00,17:00
10021,Lazaro,Darlene ,9/26/2022,8:00,17:00
10022,Delos Santos,Kolby ,9/26/2022,8:00,17:00
10023,Santos,Vella ,9/26/2022,9:00,17:00
10024,Del Rosario,Tomas,9/26/2022,8:00,17:00
10025,Tolentino,Jacklyn ,9/26/2022,8:00,17:00
10001,Garcia,Manuel III,9/27/2022,8:00,17:00
10002,Lim,Antonio,9/27/2022,8:00,17:00
10003,Aquino,Bianca Sofia,9/27/2022,8:00,17:00
10004,Reyes,Isabella,9/27/2022,8:00,17:00
10005,Hernandez,Eduard,9/27/2022,8:00,17:00
10006,Villanueva,Andrea Mae,9/27/2022,8:00,17:00
10007,San Jose,Brad ,9/27/2022,8:00,17:00
10008,Romualdez,Alice,9/27/2022,8:00,17:00
10009,Atienza,Rosie ,9/27/2022,8:00,17:00
10010,Alvaro,Roderick,9/27/2022,8:00,17:00
10011,Salcedo,Anthony,9/27/2022,8:00,17:00
10012,Lopez,Josie ,9/27/2022,8:00,17:00
10013,Farala,Martha,9/27/2022,8:00,17:00
10014,Martinez,Leila,9/27/2022,8:00,17:00
10015,Romualdez,Fredrick ,9/27/2022,8:00,17:00
10016,Mata,Christian,9/27/2022,8:00,17:00
10017,De Leon,Selena ,9/27/2022,0:00,0:00
10018,San Jose,Allison ,9/27/2022,8:00,17:00
10019,Rosario,Cydney ,9/27/2022,8:00,17:00
10020,Bautista,Mark ,9/27/2022,8:00,17:00
10021,Lazaro,Darlene ,9/27/2022,8:00,17:00
10022,Delos Santos,Kolby ,9/27/2022,8:00,17:00
10023,Santos,Vella ,9/27/2022,8:00,17:00
10024,Del Rosario,Tomas,9/27/2022,8:00,17:00
10025,Tolentino,Jacklyn ,9/27/2022,8:00,17:00
10001,Garcia,Manuel III,9/28/2022,8:00,17:00
10002,Lim,Antonio,9/28/2022,8:00,17:00
10003,Aquino,Bianca Sofia,9/28/2022,8:00,17:00
10004,Reyes,Isabella,9/28/2022,8:00,17:00
10005,Hernandez,Eduard,9/28/2022,8:00,17:00
10006,Villanueva,Andrea Mae,9/28/2022,8:00,17:00
10007,San Jose,Brad ,9/28/2022,8:00,17:00
10008,Romualdez,Alice,9/28/2022,8:00,17:00
10009,Atienza,Rosie ,9/28/2022,8:00,17:00
10010,Alvaro,Roderick,9/28/2022,8:00,17:00
10011,Salcedo,Anthony,9/28/2022,8:00,17:00
10012,Lopez,Josie ,9/28/2022,8:00,17:00
10013,Farala,Martha,9/28/2022,10:00,17:00
10014,Martinez,Leila,9/28/2022,10:00,17:00
10015,Romualdez,Fredrick ,9/28/2022,10:00,17:00
10016,Mata,Christian,9/28/2022,10:00,17:00
10017,De Leon,Selena ,9/28/2022,10:00,17:00
10018,San Jose,Allison ,9/28/2022,10:00,17:00
10019,Rosario,Cydney ,9/28/2022,10:00,17:00
10020,Bautista,Mark ,9/28/2022,10:00,17:00
10021,Lazaro,Darlene ,9/28/2022,10:00,17:00
10022,Delos Santos,Kolby ,9/28/2022,10:00,17:00
10023,Santos,Vella ,9/28/2022,10:00,17:00
10024,Del Rosario,Tomas,9/28/2022,10:00,17:00
10025,Tolentino,Jacklyn ,9/28/2022,10:00,17:00
10001,Garcia,Manuel III,9/29/2022,8:00,17:00
10002,Lim,Antonio,9/29/2022,8:00,17:00
10003,Aquino,Bianca Sofia,9/29/2022,8:00,17:00
10004,Reyes,Isabella,9/29/2022,8:00,17:00
10005,Hernandez,Eduard,9/29/2022,8:00,17:00
10006,Villanueva,Andrea Mae,9/29/2022,8:00,17:00
10007,San Jose,Brad ,9/29/2022,8:00,17:00
10008,Romualdez,Alice,9/29/2022,8:00,17:00
10009,Atienza,Rosie ,9/29/2022,8:00,17:00
10010,Alvaro,Roderick,9/29/2022,8:00,17:00
10011,Salcedo,Anthony,9/29/2022,8:00,17:00
10012,Lopez,Josie ,9/29/2022,8:00,17:00
10013,Farala,Martha,9/29/2022,8:00,17:00
10014,Martinez,Leila,9/29/2022,8:00,17:00
10015,Romualdez,Fredrick ,9/29/2022,8:00,17:00
10016,Mata,Christian,9/29/2022,8:00,17:00
10017,De Leon,Selena ,9/29/2022,8:00,17:00
10018,San Jose,Allison ,9/29/2022,8:00,17:00
10019,Rosario,Cydney ,9/29/2022,8:00,17:00
10020,Bautista,Mark ,9/29/2022,8:00,17:00
10021,Lazaro,Darlene ,9/29/2022,8:00,17:00
10022,Delos Santos,Kolby ,9/29/2022,8:00,17:00
10023,Santos,Vella ,9/29/2022,8:00,17:00
10024,Del Rosario,Tomas,9/29/2022,8:00,17:00
10025,Tolentino,Jacklyn ,9/29/2022,8:00,17:00
10001,Garcia,Manuel III,9/30/2022,8:00,17:00
10002,Lim,Antonio,9/30/2022,8:00,17:00
10003,Aquino,Bianca Sofia,9/30/2022,8:00,17:00
10004,Reyes,Isabella,9/30/2022,8:00,17:00
10005,Hernandez,Eduard,9/30/2022,8:00,17:00
10006,Villanueva,Andrea Mae,9/30/2022,8:00,17:00
10007,San Jose,Brad ,9/30/2022,8:27,17:00
10008,Romualdez,Alice,9/30/2022,8:01,17:00
10009,Atienza,Rosie ,9/30/2022,8:05,17:00
10010,Alvaro,Roderick,9/30/2022,8:00,17:00
10011,Salcedo,Anthony,9/30/2022,8:00,17:00
10012,Lopez,Josie ,9/30/2022,8:00,17:00
10013,Farala,Martha,9/30/2022,8:00,17:00
10014,Martinez,Leila,9/30/2022,8:00,17:00
10015,Romualdez,Fredrick ,9/30/2022,8:00,17:00
10016,Mata,Christian,9/30/2022,8:28,17:00
10017,De Leon,Selena ,9/30/2022,8:00,17:00
10018,San Jose,Allison ,9/30/2022,8:00,17:00
10019,Rosario,Cydney ,9/30/2022,8:00,17:00
10020,Bautista,Mark ,9/30/2022,8:00,17:00
10021,Lazaro,Darlene ,9/30/2022,8:11,17:00
10022,Delos Santos,Kolby ,9/30/2022,8:00,17:00
10023,Santos,Vella ,9/30/2022,8:00,17:00
10024,Del Rosario,Tomas,9/30/2022,8:21,17:00
10025,Tolentino,Jacklyn ,9/30/2022,8:00,17:00
10001,Garcia,Manuel III,10/3/2022,8:00,17:00
10002,Lim,Antonio,10/3/2022,8:00,17:00
10003,Aquino,Bianca Sofia,10/3/2022,8:00,17:00
10004,Reyes,Isabella,10/3/2022,8:00,17:00
10005,Hernandez,Eduard,10/3/2022,8:00,17:00
10006,Villanueva,Andrea Mae,10/3/2022,8:00,17:00
10007,San Jose,Brad ,10/3/2022,8:00,17:00
10008,Romualdez,Alice,10/3/2022,8:00,17:00
10009,Atienza,Rosie ,10/3/2022,8:00,17:00
10010,Alvaro,Roderick,10/3/2022,8:00,17:00
10011,Salcedo,Anthony,10/3/2022,8:00,17:00
10012,Lopez,Josie ,10/3/2022,8:00,17:00
10013,Farala,Martha,10/3/2022,8:00,17:00
10014,Martinez,Leila,10/3/2022,8:00,17:00
10015,Romualdez,Fredrick ,10/3/2022,8:00,17:00
10016,Mata,Christian,10/3/2022,8:00,17:00
10017,De Leon,Selena ,10/3/2022,8:00,17:00
10018,San Jose,Allison ,10/3/2022,8:00,17:00
10019,Rosario,Cydney ,10/3/2022,8:00,17:00
10020,Bautista,Mark ,10/3/2022,8:00,17:00
10021,Lazaro,Darlene ,10/3/2022,8:00,17:00
10022,Delos Santos,Kolby ,10/3/2022,8:00,17:00
10023,Santos,Vella ,10/3/2022,8:00,17:00
10024,Del Rosario,Tomas,10/3/2022,8:00,17:00
10025,Tolentino,Jacklyn ,10/3/2022,8:00,17:00
10001,Garcia,Manuel III,10/4/2022,8:00,17:00
10002,Lim,Antonio,10/4/2022,8:00,17:00
10003,Aquino,Bianca Sofia,10/4/2022,8:00,17:00
10004,Reyes,Isabella,10/4/2022,8:00,17:00
10005,Hernandez,Eduard,10/4/2022,8:15,17:00
10006,Villanueva,Andrea Mae,10/4/2022,8:00,17:00
10007,San Jose,Brad ,10/4/2022,8:00,17:00
10008,Romualdez,Alice,10/4/2022,8:00,17:00
10009,Atienza,Rosie ,10/4/2022,8:00,17:00
10010,Alvaro,Roderick,10/4/2022,8:00,17:00
10011,Salcedo,Anthony,10/4/2022,10:30,17:00
10012,Lopez,Josie ,10/4/2022,8:00,17:00
10013,Farala,Martha,10/4/2022,8:00,17:00
10014,Martinez,Leila,10/4/2022,8:00,17:00
10015,Romualdez,Fredrick ,10/4/2022,8:00,17:00
10016,Mata,Christian,10/4/2022,8:00,17:00
10017,De Leon,Selena ,10/4/2022,8:00,17:00
10018,San Jose,Allison ,10/4/2022,8:00,17:00
10019,Rosario,Cydney ,10/4/2022,8:00,17:00
10020,Bautista,Mark ,10/4/2022,8:00,17:00
10021,Lazaro,Darlene ,10/4/2022,13:00,17:00
10022,Delos Santos,Kolby ,10/4/2022,8:00,17:00
10023,Santos,Vella ,10/4/2022,8:00,17:00
10024,Del Rosario,Tomas,10/4/2022,8:00,17:00
10025,Tolentino,Jacklyn ,10/4/2022,8:00,17:00
10001,Garcia,Manuel III,10/5/2022,8:00,17:00
10002,Lim,Antonio,10/5/2022,8:00,17:00
10003,Aquino,Bianca Sofia,10/5/2022,11:30,17:00
10004,Reyes,Isabella,10/5/2022,8:00,17:00
10005,Hernandez,Eduard,10/5/2022,8:00,17:00
10006,Villanueva,Andrea Mae,10/5/2022,8:00,17:00
10007,San Jose,Brad ,10/5/2022,8:00,17:00
10008,Romualdez,Alice,10/5/2022,8:10,17:00
10009,Atienza,Rosie ,10/5/2022,0:00,0:00
10010,Alvaro,Roderick,10/5/2022,8:00,17:00
10011,Salcedo,Anthony,10/5/2022,8:00,17:00
10012,Lopez,Josie ,10/5/2022,8:00,17:00
10013,Farala,Martha,10/5/2022,8:00,17:00
10014,Martinez,Leila,10/5/2022,8:00,17:00
10015,Romualdez,Fredrick ,10/5/2022,8:00,17:00
10016,Mata,Christian,10/5/2022,8:00,17:00
10017,De Leon,Selena ,10/5/2022,8:05,17:00
10018,San Jose,Allison ,10/5/2022,8:00,17:00
10019,Rosario,Cydney ,10/5/2022,8:00,17:00
10020,Bautista,Mark ,10/5/2022,8:00,17:00
10021,Lazaro,Darlene ,10/5/2022,8:00,17:00
10022,Delos Santos,Kolby ,10/5/2022,8:00,17:00
10023,Santos,Vella ,10/5/2022,9:00,17:00
10024,Del Rosario,Tomas,10/5/2022,8:00,17:00
10025,Tolentino,Jacklyn ,10/5/2022,8:00,17:00
10001,Garcia,Manuel III,10/6/2022,8:00,17:00
10002,Lim,Antonio,10/6/2022,8:00,17:00
10003,Aquino,Bianca Sofia,10/6/2022,8:00,17:00
10004,Reyes,Isabella,10/6/2022,8:00,17:00
10005,Hernandez,Eduard,10/6/2022,8:00,17:00
10006,Villanueva,Andrea Mae,10/6/2022,8:00,17:00
10007,San Jose,Brad ,10/6/2022,8:00,17:00
10008,Romualdez,Alice,10/6/2022,8:00,17:00
10009,Atienza,Rosie ,10/6/2022,8:00,17:00
10010,Alvaro,Roderick,10/6/2022,8:00,17:00
10011,Salcedo,Anthony,10/6/2022,8:00,17:00
10012,Lopez,Josie ,10/6/2022,8:00,17:00
10013,Farala,Martha,10/6/2022,8:00,17:00
10014,Martinez,Leila,10/6/2022,8:00,17:00
10015,Romualdez,Fredrick ,10/6/2022,8:00,17:00
10016,Mata,Christian,10/6/2022,8:00,17:00
10017,De Leon,Selena ,10/6/2022,8:00,17:00
10018,San Jose,Allison ,10/6/2022,8:00,17:00
10019,Rosario,Cydney ,10/6/2022,8:00,17:00
10020,Bautista,Mark ,10/6/2022,8:00,17:00
10021,Lazaro,Darlene ,10/6/2022,8:00,17:00
10022,Delos Santos,Kolby ,10/6/2022,8:00,17:00
10023,Santos,Vella ,10/6/2022,8:00,17:00
10024,Del Rosario,Tomas,10/6/2022,8:00,17:00
10025,Tolentino,Jacklyn ,10/6/2022,8:00,17:00
10001,Garcia,Manuel III,10/7/2022,8:00,17:00
10002,Lim,Antonio,10/7/2022,8:00,17:00
10003,Aquino,Bianca Sofia,10/7/2022,8:00,17:00
10004,Reyes,Isabella,10/7/2022,8:00,17:00
10005,Hernandez,Eduard,10/7/2022,8:00,17:00
10006,Villanueva,Andrea Mae,10/7/2022,8:00,17:00
10007,San Jose,Brad ,10/7/2022,8:00,17:00
10008,Romualdez,Alice,10/7/2022,8:00,17:00
10009,Atienza,Rosie ,10/7/2022,8:00,17:00
10010,Alvaro,Roderick,10/7/2022,8:00,17:00
10011,Salcedo,Anthony,10/7/2022,8:00,17:00
10012,Lopez,Josie ,10/7/2022,8:00,17:00
10013,Farala,Martha,10/7/2022,10:00,17:00
10014,Martinez,Leila,10/7/2022,0:00,0:00
10015,Romualdez,Fredrick ,10/7/2022,10:00,17:00
10016,Mata,Christian,10/7/2022,10:00,17:00
10017,De Leon,Selena ,10/7/2022,10:00,17:00
10018,San Jose,Allison ,10/7/2022,10:00,17:00
10019,Rosario,Cydney ,10/7/2022,10:00,17:00
10020,Bautista,Mark ,10/7/2022,10:00,17:00
10021,Lazaro,Darlene ,10/7/2022,10:00,17:00
10022,Delos Santos,Kolby ,10/7/2022,10:00,17:00
10023,Santos,Vella ,10/7/2022,10:00,17:00
10024,Del Rosario,Tomas,10/7/2022,10:00,17:00
10025,Tolentino,Jacklyn ,10/7/2022,10:00,17:00
10001,Garcia,Manuel III,10/10/2022,8:00,17:00
10002,Lim,Antonio,10/10/2022,8:00,17:00
10003,Aquino,Bianca Sofia,10/10/2022,8:00,17:00
10004,Reyes,Isabella,10/10/2022,8:00,17:00
10005,Hernandez,Eduard,10/10/2022,8:00,17:00
10006,Villanueva,Andrea Mae,10/10/2022,8:00,17:00
10007,San Jose,Brad ,10/10/2022,8:00,17:00
10008,Romualdez,Alice,10/10/2022,8:00,17:00
10009,Atienza,Rosie ,10/10/2022,8:00,17:00
10010,Alvaro,Roderick,10/10/2022,8:00,17:00
10011,Salcedo,Anthony,10/10/2022,8:00,17:00
10012,Lopez,Josie ,10/10/2022,8:00,17:00
10013,Farala,Martha,10/10/2022,8:00,17:00
10014,Martinez,Leila,10/10/2022,8:00,17:00
10015,Romualdez,Fredrick ,10/10/2022,8:00,17:00
10016,Mata,Christian,10/10/2022,8:00,17:00
10017,De Leon,Selena ,10/10/2022,8:00,17:00
10018,San Jose,Allison ,10/10/2022,8:00,17:00
10019,Rosario,Cydney ,10/10/2022,8:00,17:00
10020,Bautista,Mark ,10/10/2022,8:00,17:00
10021,Lazaro,Darlene ,10/10/2022,8:00,17:00
10022,Delos Santos,Kolby ,10/10/2022,8:00,17:00
10023,Santos,Vella ,10/10/2022,8:00,17:00
10024,Del Rosario,Tomas,10/10/2022,8:00,17:00
10025,Tolentino,Jacklyn ,10/10/2022,8:00,17:00
10001,Garcia,Manuel III,10/11/2022,8:00,17:00
10002,Lim,Antonio,10/11/2022,8:00,17:00
10003,Aquino,Bianca Sofia,10/11/2022,8:00,17:00
10004,Reyes,Isabella,10/11/2022,8:00,17:00
10005,Hernandez,Eduard,10/11/2022,8:00,17:00
10006,Villanueva,Andrea Mae,10/11/2022,8:00,17:00
10007,San Jose,Brad ,10/11/2022,8:27,17:00
10008,Romualdez,Alice,10/11/2022,8:01,17:00
10009,Atienza,Rosie ,10/11/2022,8:05,17:00
10010,Alvaro,Roderick,10/11/2022,0:00,0:00
10011,Salcedo,Anthony,10/11/2022,8:00,17:00
10012,Lopez,Josie ,10/11/2022,8:00,17:00
10013,Farala,Martha,10/11/2022,8:00,17:00
10014,Martinez,Leila,10/11/2022,8:00,17:00
10015,Romualdez,Fredrick ,10/11/2022,8:00,17:00
10016,Mata,Christian,10/11/2022,8:28,17:00
10017,De Leon,Selena ,10/11/2022,8:00,17:00
10018,San Jose,Allison ,10/11/2022,8:00,17:00
10019,Rosario,Cydney ,10/11/2022,8:00,17:00
10020,Bautista,Mark ,10/11/2022,8:00,17:00
10021,Lazaro,Darlene ,10/11/2022,8:11,17:00
10022,Delos Santos,Kolby ,10/11/2022,8:00,17:00
10023,Santos,Vella ,10/11/2022,8:00,17:00
10024,Del Rosario,Tomas,10/11/2022,8:21,17:00
10025,Tolentino,Jacklyn ,10/11/2022,8:00,17:00
10001,Garcia,Manuel III,10/12/2022,8:00,17:00
10002,Lim,Antonio,10/12/2022,8:00,17:00
10003,Aquino,Bianca Sofia,10/12/2022,8:00,17:00
10004,Reyes,Isabella,10/12/2022,8:00,17:00
10005,Hernandez,Eduard,10/12/2022,8:00,17:00
10006,Villanueva,Andrea Mae,10/12/2022,8:00,17:00
10007,San Jose,Brad ,10/12/2022,8:00,17:00
10008,Romualdez,Alice,10/12/2022,8:00,17:00
10009,Atienza,Rosie ,10/12/2022,8:00,17:00
10010,Alvaro,Roderick,10/12/2022,8:00,17:00
10011,Salcedo,Anthony,10/12/2022,8:00,17:00
10012,Lopez,Josie ,10/12/2022,8:00,17:00
10013,Farala,Martha,10/12/2022,8:00,17:00
10014,Martinez,Leila,10/12/2022,8:00,17:00
10015,Romualdez,Fredrick ,10/12/2022,8:00,17:00
10016,Mata,Christian,10/12/2022,8:00,17:00
10017,De Leon,Selena ,10/12/2022,8:00,17:00
10018,San Jose,Allison ,10/12/2022,8:00,17:00
10019,Rosario,Cydney ,10/12/2022,8:00,17:00
10020,Bautista,Mark ,10/12/2022,8:00,17:00
10021,Lazaro,Darlene ,10/12/2022,8:00,17:00
10022,Delos Santos,Kolby ,10/12/2022,8:00,17:00
10023,Santos,Vella ,10/12/2022,8:00,17:00
10024,Del Rosario,Tomas,10/12/2022,8:00,17:00
10025,Tolentino,Jacklyn ,10/12/2022,8:00,17:00
10001,Garcia,Manuel III,10/13/2022,8:00,17:00
10002,Lim,Antonio,10/13/2022,8:00,17:00
10003,Aquino,Bianca Sofia,10/13/2022,8:00,17:00
10004,Reyes,Isabella,10/13/2022,8:00,17:00
10005,Hernandez,Eduard,10/13/2022,8:15,17:00
10006,Villanueva,Andrea Mae,10/13/2022,8:00,17:00
10007,San Jose,Brad ,10/13/2022,8:00,17:00
10008,Romualdez,Alice,10/13/2022,8:00,17:00
10009,Atienza,Rosie ,10/13/2022,8:00,17:00
10010,Alvaro,Roderick,10/13/2022,8:00,17:00
10011,Salcedo,Anthony,10/13/2022,10:30,17:00
10012,Lopez,Josie ,10/13/2022,8:00,17:00
10013,Farala,Martha,10/13/2022,8:00,17:00
10014,Martinez,Leila,10/13/2022,8:00,17:00
10015,Romualdez,Fredrick ,10/13/2022,8:00,17:00
10016,Mata,Christian,10/13/2022,8:00,17:00
10017,De Leon,Selena ,10/13/2022,8:00,17:00
10018,San Jose,Allison ,10/13/2022,8:00,17:00
10019,Rosario,Cydney ,10/13/2022,8:00,17:00
10020,Bautista,Mark ,10/13/2022,8:00,17:00
10021,Lazaro,Darlene ,10/13/2022,13:00,17:00
10022,Delos Santos,Kolby ,10/13/2022,8:00,17:00
10023,Santos,Vella ,10/13/2022,8:00,17:00
10024,Del Rosario,Tomas,10/13/2022,8:00,17:00
10025,Tolentino,Jacklyn ,10/13/2022,8:00,17:00
10001,Garcia,Manuel III,10/14/2022,8:00,17:00
10002,Lim,Antonio,10/14/2022,8:00,17:00
10003,Aquino,Bianca Sofia,10/14/2022,11:30,17:00
10004,Reyes,Isabella,10/14/2022,8:00,17:00
10005,Hernandez,Eduard,10/14/2022,8:00,17:00
10006,Villanueva,Andrea Mae,10/14/2022,8:00,17:00
10007,San Jose,Brad ,10/14/2022,8:00,17:00
10008,Romualdez,Alice,10/14/2022,8:10,17:00
10009,Atienza,Rosie ,10/14/2022,8:00,17:00
10010,Alvaro,Roderick,10/14/2022,8:00,17:00
10011,Salcedo,Anthony,10/14/2022,8:00,17:00
10012,Lopez,Josie ,10/14/2022,8:00,17:00
10013,Farala,Martha,10/14/2022,8:00,17:00
10014,Martinez,Leila,10/14/2022,8:00,17:00
10015,Romualdez,Fredrick ,10/14/2022,8:00,17:00
10016,Mata,Christian,10/14/2022,8:00,17:00
10017,De Leon,Selena ,10/14/2022,8:05,17:00
10018,San Jose,Allison ,10/14/2022,8:00,17:00
10019,Rosario,Cydney ,10/14/2022,8:00,17:00
10020,Bautista,Mark ,10/14/2022,8:00,17:00
10021,Lazaro,Darlene ,10/14/2022,8:00,17:00
10022,Delos Santos,Kolby ,10/14/2022,8:00,17:00
10023,Santos,Vella ,10/14/2022,9:00,17:00
10024,Del Rosario,Tomas,10/14/2022,8:00,17:00
10025,Tolentino,Jacklyn ,10/14/2022,8:00,17:00
10001,Garcia,Manuel III,10/17/2022,8:00,17:00
10002,Lim,Antonio,10/17/2022,8:00,17:00
10003,Aquino,Bianca Sofia,10/17/2022,8:00,17:00
10004,Reyes,Isabella,10/17/2022,8:00,17:00
10005,Hernandez,Eduard,10/17/2022,8:00,17:00
10006,Villanueva,Andrea Mae,10/17/2022,8:00,17:00
10007,San Jose,Brad ,10/17/2022,8:00,17:00
10008,Romualdez,Alice,10/17/2022,8:00,17:00
10009,Atienza,Rosie ,10/17/2022,8:00,17:00
10010,Alvaro,Roderick,10/17/2022,8:00,17:00
10011,Salcedo,Anthony,10/17/2022,8:00,17:00
10012,Lopez,Josie ,10/17/2022,8:00,17:00
10013,Farala,Martha,10/17/2022,8:00,17:00
10014,Martinez,Leila,10/17/2022,8:00,17:00
10015,Romualdez,Fredrick ,10/17/2022,8:00,17:00
10016,Mata,Christian,10/17/2022,8:00,17:00
10017,De Leon,Selena ,10/17/2022,8:00,17:00
10018,San Jose,Allison ,10/17/2022,8:00,17:00
10019,Rosario,Cydney ,10/17/2022,8:00,17:00
10020,Bautista,Mark ,10/17/2022,8:00,17:00
10021,Lazaro,Darlene ,10/17/2022,8:00,17:00
10022,Delos Santos,Kolby ,10/17/2022,8:00,17:00
10023,Santos,Vella ,10/17/2022,8:00,17:00
10024,Del Rosario,Tomas,10/17/2022,8:00,17:00
10025,Tolentino,Jacklyn ,10/17/2022,8:00,17:00
10001,Garcia,Manuel III,10/18/2022,8:00,17:00
10002,Lim,Antonio,10/18/2022,8:00,17:00
10003,Aquino,Bianca Sofia,10/18/2022,8:00,17:00
10004,Reyes,Isabella,10/18/2022,8:00,17:00
10005,Hernandez,Eduard,10/18/2022,8:00,17:00
10006,Villanueva,Andrea Mae,10/18/2022,8:00,17:00
10007,San Jose,Brad ,10/18/2022,8:00,17:00
10008,Romualdez,Alice,10/18/2022,8:00,17:00
10009,Atienza,Rosie ,10/18/2022,8:00,17:00
10010,Alvaro,Roderick,10/18/2022,8:00,17:00
10011,Salcedo,Anthony,10/18/2022,8:00,17:00
10012,Lopez,Josie ,10/18/2022,8:00,17:00
10013,Farala,Martha,10/18/2022,10:00,17:00
10014,Martinez,Leila,10/18/2022,10:00,17:00
10015,Romualdez,Fredrick ,10/18/2022,10:00,17:00
10016,Mata,Christian,10/18/2022,0:00,0:00
10017,De Leon,Selena ,10/18/2022,10:00,17:00
10018,San Jose,Allison ,10/18/2022,10:00,17:00
10019,Rosario,Cydney ,10/18/2022,10:00,17:00
10020,Bautista,Mark ,10/18/2022,10:00,17:00
10021,Lazaro,Darlene ,10/18/2022,10:00,17:00
10022,Delos Santos,Kolby ,10/18/2022,10:00,17:00
10023,Santos,Vella ,10/18/2022,10:00,17:00
10024,Del Rosario,Tomas,10/18/2022,10:00,17:00
10025,Tolentino,Jacklyn ,10/18/2022,10:00,17:00
10001,Garcia,Manuel III,10/19/2022,8:00,17:00
10002,Lim,Antonio,10/19/2022,8:00,17:00
10003,Aquino,Bianca Sofia,10/19/2022,8:00,17:00
10004,Reyes,Isabella,10/19/2022,8:00,17:00
10005,Hernandez,Eduard,10/19/2022,8:00,17:00
10006,Villanueva,Andrea Mae,10/19/2022,8:00,17:00
10007,San Jose,Brad ,10/19/2022,8:00,17:00
10008,Romualdez,Alice,10/19/2022,8:00,17:00
10009,Atienza,Rosie ,10/19/2022,8:00,17:00
10010,Alvaro,Roderick,10/19/2022,8:00,17:00
10011,Salcedo,Anthony,10/19/2022,8:00,17:00
10012,Lopez,Josie ,10/19/2022,8:00,17:00
10013,Farala,Martha,10/19/2022,8:00,17:00
10014,Martinez,Leila,10/19/2022,8:00,17:00
10015,Romualdez,Fredrick ,10/19/2022,8:00,17:00
10016,Mata,Christian,10/19/2022,8:00,17:00
10017,De Leon,Selena ,10/19/2022,8:00,17:00
10018,San Jose,Allison ,10/19/2022,8:00,17:00
10019,Rosario,Cydney ,10/19/2022,8:00,17:00
10020,Bautista,Mark ,10/19/2022,8:00,17:00
10021,Lazaro,Darlene ,10/19/2022,8:00,17:00
10022,Delos Santos,Kolby ,10/19/2022,8:00,17:00
10023,Santos,Vella ,10/19/2022,8:00,17:00
10024,Del Rosario,Tomas,10/19/2022,8:00,17:00
10025,Tolentino,Jacklyn ,10/19/2022,8:00,17:00
10001,Garcia,Manuel III,10/20/2022,8:00,17:00
10002,Lim,Antonio,10/20/2022,8:00,17:00
10003,Aquino,Bianca Sofia,10/20/2022,8:00,17:00
10004,Reyes,Isabella,10/20/2022,8:00,17:00
10005,Hernandez,Eduard,10/20/2022,8:00,17:00
10006,Villanueva,Andrea Mae,10/20/2022,8:00,17:00
10007,San Jose,Brad ,10/20/2022,8:27,17:00
10008,Romualdez,Alice,10/20/2022,8:01,17:00
10009,Atienza,Rosie ,10/20/2022,8:05,17:00
10010,Alvaro,Roderick,10/20/2022,8:00,17:00
10011,Salcedo,Anthony,10/20/2022,8:00,17:00
10012,Lopez,Josie ,10/20/2022,8:00,17:00
10013,Farala,Martha,10/20/2022,8:00,17:00
10014,Martinez,Leila,10/20/2022,8:00,17:00
10015,Romualdez,Fredrick ,10/20/2022,8:00,17:00
10016,Mata,Christian,10/20/2022,8:28,17:00
10017,De Leon,Selena ,10/20/2022,8:00,17:00
10018,San Jose,Allison ,10/20/2022,8:00,17:00
10019,Rosario,Cydney ,10/20/2022,8:00,17:00
10020,Bautista,Mark ,10/20/2022,8:00,17:00
10021,Lazaro,Darlene ,10/20/2022,8:11,17:00
10022,Delos Santos,Kolby ,10/20/2022,8:00,17:00
10023,Santos,Vella ,10/20/2022,8:00,17:00
10024,Del Rosario,Tomas,10/20/2022,8:21,17:00
10025,Tolentino,Jacklyn ,10/20/2022,8:00,17:00
10001,Garcia,Manuel III,10/21/2022,8:00,17:00
10002,Lim,Antonio,10/21/2022,8:00,17:00
10003,Aquino,Bianca Sofia,10/21/2022,8:00,17:00
10004,Reyes,Isabella,10/21/2022,8:00,17:00
10005,Hernandez,Eduard,10/21/2022,8:00,17:00
10006,Villanueva,Andrea Mae,10/21/2022,8:00,17:00
10007,San Jose,Brad ,10/21/2022,8:00,17:00
10008,Romualdez,Alice,10/21/2022,8:00,17:00
10009,Atienza,Rosie ,10/21/2022,8:00,17:00
10010,Alvaro,Roderick,10/21/2022,0:00,0:00
10011,Salcedo,Anthony,10/21/2022,8:00,17:00
10012,Lopez,Josie ,10/21/2022,8:00,17:00
10013,Farala,Martha,10/21/2022,8:00,17:00
10014,Martinez,Leila,10/21/2022,8:00,17:00
10015,Romualdez,Fredrick ,10/21/2022,8:00,17:00
10016,Mata,Christian,10/21/2022,8:00,17:00
10017,De Leon,Selena ,10/21/2022,8:00,17:00
10018,San Jose,Allison ,10/21/2022,8:00,17:00
10019,Rosario,Cydney ,10/21/2022,8:00,17:00
10020,Bautista,Mark ,10/21/2022,8:00,17:00
10021,Lazaro,Darlene ,10/21/2022,8:00,17:00
10022,Delos Santos,Kolby ,10/21/2022,8:00,17:00
10023,Santos,Vella ,10/21/2022,8:00,17:00
10024,Del Rosario,Tomas,10/21/2022,8:00,17:00
10025,Tolentino,Jacklyn ,10/21/2022,8:00,17:00
10001,Garcia,Manuel III,10/24/2022,8:00,17:00
10002,Lim,Antonio,10/24/2022,8:00,17:00
10003,Aquino,Bianca Sofia,10/24/2022,8:00,17:00
10004,Reyes,Isabella,10/24/2022,8:00,17:00
10005,Hernandez,Eduard,10/24/2022,8:15,17:00
10006,Villanueva,Andrea Mae,10/24/2022,8:00,17:00
10007,San Jose,Brad ,10/24/2022,8:00,17:00
10008,Romualdez,Alice,10/24/2022,8:00,17:00
10009,Atienza,Rosie ,10/24/2022,8:00,17:00
10010,Alvaro,Roderick,10/24/2022,8:00,17:00
10011,Salcedo,Anthony,10/24/2022,10:30,17:00
10012,Lopez,Josie ,10/24/2022,8:00,17:00
10013,Farala,Martha,10/24/2022,8:00,17:00
10014,Martinez,Leila,10/24/2022,8:00,17:00
10015,Romualdez,Fredrick ,10/24/2022,8:00,17:00
10016,Mata,Christian,10/24/2022,8:00,17:00
10017,De Leon,Selena ,10/24/2022,8:00,17:00
10018,San Jose,Allison ,10/24/2022,8:00,17:00
10019,Rosario,Cydney ,10/24/2022,8:00,17:00
10020,Bautista,Mark ,10/24/2022,8:00,17:00
10021,Lazaro,Darlene ,10/24/2022,13:00,17:00
10022,Delos Santos,Kolby ,10/24/2022,8:00,17:00
10023,Santos,Vella ,10/24/2022,8:00,17:00
10024,Del Rosario,Tomas,10/24/2022,8:00,17:00
10025,Tolentino,Jacklyn ,10/24/2022,8:00,17:00
10001,Garcia,Manuel III,10/25/2022,8:00,17:00
10002,Lim,Antonio,10/25/2022,8:00,17:00
10003,Aquino,Bianca Sofia,10/25/2022,11:30,17:00
10004,Reyes,Isabella,10/25/2022,8:00,17:00
10005,Hernandez,Eduard,10/25/2022,8:00,17:00
10006,Villanueva,Andrea Mae,10/25/2022,8:00,17:00
10007,San Jose,Brad ,10/25/2022,8:00,17:00
10008,Romualdez,Alice,10/25/2022,8:10,17:00
10009,Atienza,Rosie ,10/25/2022,8:00,17:00
10010,Alvaro,Roderick,10/25/2022,8:00,17:00
10011,Salcedo,Anthony,10/25/2022,8:00,17:00
10012,Lopez,Josie ,10/25/2022,8:00,17:00
10013,Farala,Martha,10/25/2022,8:00,17:00
10014,Martinez,Leila,10/25/2022,8:00,17:00
10015,Romualdez,Fredrick ,10/25/2022,8:00,17:00
10016,Mata,Christian,10/25/2022,8:00,17:00
10017,De Leon,Selena ,10/25/2022,8:05,17:00
10018,San Jose,Allison ,10/25/2022,8:00,17:00
10019,Rosario,Cydney ,10/25/2022,8:00,17:00
10020,Bautista,Mark ,10/25/2022,8:00,17:00
10021,Lazaro,Darlene ,10/25/2022,8:00,17:00
10022,Delos Santos,Kolby ,10/25/2022,8:00,17:00
10023,Santos,Vella ,10/25/2022,9:00,17:00
10024,Del Rosario,Tomas,10/25/2022,8:00,17:00
10025,Tolentino,Jacklyn ,10/25/2022,8:00,17:00
10001,Garcia,Manuel III,10/26/2022,8:00,17:00
10002,Lim,Antonio,10/26/2022,8:00,17:00
10003,Aquino,Bianca Sofia,10/26/2022,8:00,17:00
10004,Reyes,Isabella,10/26/2022,8:00,17:00
10005,Hernandez,Eduard,10/26/2022,8:00,17:00
10006,Villanueva,Andrea Mae,10/26/2022,8:00,17:00
10007,San Jose,Brad ,10/26/2022,8:00,17:00
10008,Romualdez,Alice,10/26/2022,8:00,17:00
10009,Atienza,Rosie ,10/26/2022,8:00,17:00
10010,Alvaro,Roderick,10/26/2022,8:00,17:00
10011,Salcedo,Anthony,10/26/2022,8:00,17:00
10012,Lopez,Josie ,10/26/2022,8:00,17:00
10013,Farala,Martha,10/26/2022,8:00,17:00
10014,Martinez,Leila,10/26/2022,8:00,17:00
10015,Romualdez,Fredrick ,10/26/2022,8:00,17:00
10016,Mata,Christian,10/26/2022,8:00,17:00
10017,De Leon,Selena ,10/26/2022,8:00,17:00
10018,San Jose,Allison ,10/26/2022,8:00,17:00
10019,Rosario,Cydney ,10/26/2022,8:00,17:00
10020,Bautista,Mark ,10/26/2022,8:00,17:00
10021,Lazaro,Darlene ,10/26/2022,8:00,17:00
10022,Delos Santos,Kolby ,10/26/2022,8:00,17:00
10023,Santos,Vella ,10/26/2022,8:00,17:00
10024,Del Rosario,Tomas,10/26/2022,8:00,17:00
10025,Tolentino,Jacklyn ,10/26/2022,8:00,17:00
10001,Garcia,Manuel III,10/27/2022,8:00,17:00
10002,Lim,Antonio,10/27/2022,8:00,17:00
10003,Aquino,Bianca Sofia,10/27/2022,8:00,17:00
10004,Reyes,Isabella,10/27/2022,8:00,17:00
10005,Hernandez,Eduard,10/27/2022,8:00,17:00
10006,Villanueva,Andrea Mae,10/27/2022,8:00,17:00
10007,San Jose,Brad ,10/27/2022,8:00,17:00
10008,Romualdez,Alice,10/27/2022,8:00,17:00
10009,Atienza,Rosie ,10/27/2022,8:00,17:00
10010,Alvaro,Roderick,10/27/2022,8:00,17:00
10011,Salcedo,Anthony,10/27/2022,8:00,17:00
10012,Lopez,Josie ,10/27/2022,8:00,17:00
10013,Farala,Martha,10/27/2022,10:00,17:00
10014,Martinez,Leila,10/27/2022,10:00,17:00
10015,Romualdez,Fredrick ,10/27/2022,10:00,17:00
10016,Mata,Christian,10/27/2022,10:00,17:00
10017,De Leon,Selena ,10/27/2022,10:00,17:00
10018,San Jose,Allison ,10/27/2022,0:00,0:00
10019,Rosario,Cydney ,10/27/2022,10:00,17:00
10020,Bautista,Mark ,10/27/2022,10:00,17:00
10021,Lazaro,Darlene ,10/27/2022,10:00,17:00
10022,Delos Santos,Kolby ,10/27/2022,10:00,17:00
10023,Santos,Vella ,10/27/2022,10:00,17:00
10024,Del Rosario,Tomas,10/27/2022,10:00,17:00
10025,Tolentino,Jacklyn ,10/27/2022,10:00,17:00
10001,Garcia,Manuel III,10/28/2022,8:00,17:00
10002,Lim,Antonio,10/28/2022,8:00,17:00
10003,Aquino,Bianca Sofia,10/28/2022,8:00,17:00
10004,Reyes,Isabella,10/28/2022,8:00,17:00
10005,Hernandez,Eduard,10/28/2022,8:00,17:00
10006,Villanueva,Andrea Mae,10/28/2022,8:00,17:00
10007,San Jose,Brad ,10/28/2022,8:00,17:00
10008,Romualdez,Alice,10/28/2022,8:00,17:00
10009,Atienza,Rosie ,10/28/2022,8:00,17:00
10010,Alvaro,Roderick,10/28/2022,8:00,17:00
10011,Salcedo,Anthony,10/28/2022,8:00,17:00
10012,Lopez,Josie ,10/28/2022,8:00,17:00
10013,Farala,Martha,10/28/2022,8:00,17:00
10014,Martinez,Leila,10/28/2022,8:00,17:00
10015,Romualdez,Fredrick ,10/28/2022,8:00,17:00
10016,Mata,Christian,10/28/2022,8:00,17:00
10017,De Leon,Selena ,10/28/2022,8:00,17:00
10018,San Jose,Allison ,10/28/2022,8:00,17:00
10019,Rosario,Cydney ,10/28/2022,8:00,17:00
10020,Bautista,Mark ,10/28/2022,8:00,17:00
10021,Lazaro,Darlene ,10/28/2022,8:00,17:00
10022,Delos Santos,Kolby ,10/28/2022,8:00,17:00
10023,Santos,Vella ,10/28/2022,8:00,17:00
10024,Del Rosario,Tomas,10/28/2022,8:00,17:00
10025,Tolentino,Jacklyn ,10/28/2022,8:00,17:00
10001,Garcia,Manuel III,10/31/2022,8:00,17:00
10002,Lim,Antonio,10/31/2022,8:00,17:00
10003,Aquino,Bianca Sofia,10/31/2022,8:00,17:00
10004,Reyes,Isabella,10/31/2022,8:00,17:00
10005,Hernandez,Eduard,10/31/2022,8:00,17:00
10006,Villanueva,Andrea Mae,10/31/2022,8:00,17:00
10007,San Jose,Brad ,10/31/2022,8:27,17:00
10008,Romualdez,Alice,10/31/2022,8:01,17:00
10009,Atienza,Rosie ,10/31/2022,8:05,17:00
10010,Alvaro,Roderick,10/31/2022,8:00,17:00
10011,Salcedo,Anthony,10/31/2022,8:00,17:00
10012,Lopez,Josie ,10/31/2022,8:00,17:00
10013,Farala,Martha,10/31/2022,8:00,17:00
10014,Martinez,Leila,10/31/2022,8:00,17:00
10015,Romualdez,Fredrick ,10/31/2022,8:00,17:00
10016,Mata,Christian,10/31/2022,8:28,17:00
10017,De Leon,Selena ,10/31/2022,8:00,17:00
10018,San Jose,Allison ,10/31/2022,8:00,17:00
10019,Rosario,Cydney ,10/31/2022,8:00,17:00
10020,Bautista,Mark ,10/31/2022,8:00,17:00
10021,Lazaro,Darlene ,10/31/2022,8:11,17:00
10022,Delos Santos,Kolby ,10/31/2022,8:00,17:00
10023,Santos,Vella ,10/31/2022,8:00,17:00
10024,Del Rosario,Tomas,10/31/2022,8:21,17:00
10025,Tolentino,Jacklyn ,10/31/2022,8:00,17:00
10001,Garcia,Manuel III,11/1/2022,0:00,0:00
10002,Lim,Antonio,11/1/2022,0:00,0:00
10003,Aquino,Bianca Sofia,11/1/2022,0:00,0:00
10004,Reyes,Isabella,11/1/2022,0:00,0:00
10005,Hernandez,Eduard,11/1/2022,0:00,0:00
10006,Villanueva,Andrea Mae,11/1/2022,0:00,0:00
10007,San Jose,Brad ,11/1/2022,0:00,0:00
10008,Romualdez,Alice,11/1/2022,0:00,0:00
10009,Atienza,Rosie ,11/1/2022,0:00,0:00
10010,Alvaro,Roderick,11/1/2022,0:00,0:00
10011,Salcedo,Anthony,11/1/2022,0:00,0:00
10012,Lopez,Josie ,11/1/2022,0:00,0:00
10013,Farala,Martha,11/1/2022,0:00,0:00
10014,Martinez,Leila,11/1/2022,0:00,0:00
10015,Romualdez,Fredrick ,11/1/2022,0:00,0:00
10016,Mata,Christian,11/1/2022,0:00,0:00
10017,De Leon,Selena ,11/1/2022,0:00,0:00
10018,San Jose,Allison ,11/1/2022,0:00,0:00
10019,Rosario,Cydney ,11/1/2022,0:00,0:00
10020,Bautista,Mark ,11/1/2022,0:00,0:00
10021,Lazaro,Darlene ,11/1/2022,0:00,0:00
10022,Delos Santos,Kolby ,11/1/2022,0:00,0:00
10023,Santos,Vella ,11/1/2022,0:00,0:00
10024,Del Rosario,Tomas,11/1/2022,0:00,0:00
10025,Tolentino,Jacklyn ,11/1/2022,0:00,0:00
10001,Garcia,Manuel III,11/2/2022,8:00,17:00
10002,Lim,Antonio,11/2/2022,8:00,17:00
10003,Aquino,Bianca Sofia,11/2/2022,8:00,17:00
10004,Reyes,Isabella,11/2/2022,8:00,17:00
10005,Hernandez,Eduard,11/2/2022,8:15,17:00
10006,Villanueva,Andrea Mae,11/2/2022,8:00,17:00
10007,San Jose,Brad ,11/2/2022,8:00,17:00
10008,Romualdez,Alice,11/2/2022,8:00,17:00
10009,Atienza,Rosie ,11/2/2022,8:00,17:00
10010,Alvaro,Roderick,11/2/2022,8:00,17:00
10011,Salcedo,Anthony,11/2/2022,10:30,17:00
10012,Lopez,Josie ,11/2/2022,8:00,17:00
10013,Farala,Martha,11/2/2022,8:00,17:00
10014,Martinez,Leila,11/2/2022,8:00,17:00
10015,Romualdez,Fredrick ,11/2/2022,8:00,17:00
10016,Mata,Christian,11/2/2022,8:00,17:00
10017,De Leon,Selena ,11/2/2022,8:00,17:00
10018,San Jose,Allison ,11/2/2022,8:00,17:00
10019,Rosario,Cydney ,11/2/2022,8:00,17:00
10020,Bautista,Mark ,11/2/2022,8:00,17:00
10021,Lazaro,Darlene ,11/2/2022,13:00,17:00
10022,Delos Santos,Kolby ,11/2/2022,8:00,17:00
10023,Santos,Vella ,11/2/2022,8:00,17:00
10024,Del Rosario,Tomas,11/2/2022,8:00,17:00
10025,Tolentino,Jacklyn ,11/2/2022,8:00,17:00
10001,Garcia,Manuel III,11/3/2022,8:00,17:00
10002,Lim,Antonio,11/3/2022,8:00,17:00
10003,Aquino,Bianca Sofia,11/3/2022,11:30,17:00
10004,Reyes,Isabella,11/3/2022,8:00,17:00
10005,Hernandez,Eduard,11/3/2022,8:00,17:00
10006,Villanueva,Andrea Mae,11/3/2022,8:00,17:00
10007,San Jose,Brad ,11/3/2022,8:00,17:00
10008,Romualdez,Alice,11/3/2022,8:10,17:00
10009,Atienza,Rosie ,11/3/2022,8:00,17:00
10010,Alvaro,Roderick,11/3/2022,8:00,17:00
10011,Salcedo,Anthony,11/3/2022,8:00,17:00
10012,Lopez,Josie ,11/3/2022,8:00,17:00
10013,Farala,Martha,11/3/2022,8:00,17:00
10014,Martinez,Leila,11/3/2022,8:00,17:00
10015,Romualdez,Fredrick ,11/3/2022,8:00,17:00
10016,Mata,Christian,11/3/2022,8:00,17:00
10017,De Leon,Selena ,11/3/2022,8:05,17:00
10018,San Jose,Allison ,11/3/2022,8:00,17:00
10019,Rosario,Cydney ,11/3/2022,8:00,17:00
10020,Bautista,Mark ,11/3/2022,8:00,17:00
10021,Lazaro,Darlene ,11/3/2022,8:00,17:00
10022,Delos Santos,Kolby ,11/3/2022,8:00,17:00
10023,Santos,Vella ,11/3/2022,9:00,17:00
10024,Del Rosario,Tomas,11/3/2022,8:00,17:00
10025,Tolentino,Jacklyn ,11/3/2022,8:00,17:00
10001,Garcia,Manuel III,11/4/2022,8:00,17:00
10002,Lim,Antonio,11/4/2022,8:00,17:00
10003,Aquino,Bianca Sofia,11/4/2022,8:00,17:00
10004,Reyes,Isabella,11/4/2022,8:00,17:00
10005,Hernandez,Eduard,11/4/2022,8:00,17:00
10006,Villanueva,Andrea Mae,11/4/2022,8:00,17:00
10007,San Jose,Brad ,11/4/2022,8:00,17:00
10008,Romualdez,Alice,11/4/2022,8:00,17:00
10009,Atienza,Rosie ,11/4/2022,8:00,17:00
10010,Alvaro,Roderick,11/4/2022,8:00,17:00
10011,Salcedo,Anthony,11/4/2022,8:00,17:00
10012,Lopez,Josie ,11/4/2022,8:00,17:00
10013,Farala,Martha,11/4/2022,8:00,17:00
10014,Martinez,Leila,11/4/2022,8:00,17:00
10015,Romualdez,Fredrick ,11/4/2022,8:00,17:00
10016,Mata,Christian,11/4/2022,8:00,17:00
10017,De Leon,Selena ,11/4/2022,8:00,17:00
10018,San Jose,Allison ,11/4/2022,8:00,17:00
10019,Rosario,Cydney ,11/4/2022,8:00,17:00
10020,Bautista,Mark ,11/4/2022,8:00,17:00
10021,Lazaro,Darlene ,11/4/2022,8:00,17:00
10022,Delos Santos,Kolby ,11/4/2022,8:00,17:00
10023,Santos,Vella ,11/4/2022,0:00,0:00
10024,Del Rosario,Tomas,11/4/2022,8:00,17:00
10025,Tolentino,Jacklyn ,11/4/2022,8:00,17:00
10001,Garcia,Manuel III,11/7/2022,8:00,17:00
10002,Lim,Antonio,11/7/2022,8:00,17:00
10003,Aquino,Bianca Sofia,11/7/2022,8:00,17:00
10004,Reyes,Isabella,11/7/2022,8:00,17:00
10005,Hernandez,Eduard,11/7/2022,8:00,17:00
10006,Villanueva,Andrea Mae,11/7/2022,8:00,17:00
10007,San Jose,Brad ,11/7/2022,8:00,17:00
10008,Romualdez,Alice,11/7/2022,8:00,17:00
10009,Atienza,Rosie ,11/7/2022,8:00,17:00
10010,Alvaro,Roderick,11/7/2022,8:00,17:00
10011,Salcedo,Anthony,11/7/2022,8:00,17:00
10012,Lopez,Josie ,11/7/2022,8:00,17:00
10013,Farala,Martha,11/7/2022,10:00,17:00
10014,Martinez,Leila,11/7/2022,10:00,17:00
10015,Romualdez,Fredrick ,11/7/2022,10:00,17:00
10016,Mata,Christian,11/7/2022,10:00,17:00
10017,De Leon,Selena ,11/7/2022,10:00,17:00
10018,San Jose,Allison ,11/7/2022,10:00,17:00
10019,Rosario,Cydney ,11/7/2022,10:00,17:00
10020,Bautista,Mark ,11/7/2022,10:00,17:00
10021,Lazaro,Darlene ,11/7/2022,10:00,17:00
10022,Delos Santos,Kolby ,11/7/2022,10:00,17:00
10023,Santos,Vella ,11/7/2022,10:00,17:00
10024,Del Rosario,Tomas,11/7/2022,10:00,17:00
10025,Tolentino,Jacklyn ,11/7/2022,10:00,17:00
10001,Garcia,Manuel III,11/8/2022,8:00,17:00
10002,Lim,Antonio,11/8/2022,8:00,17:00
10003,Aquino,Bianca Sofia,11/8/2022,8:00,17:00
10004,Reyes,Isabella,11/8/2022,8:00,17:00
10005,Hernandez,Eduard,11/8/2022,8:00,17:00
10006,Villanueva,Andrea Mae,11/8/2022,8:00,17:00
10007,San Jose,Brad ,11/8/2022,8:00,17:00
10008,Romualdez,Alice,11/8/2022,8:00,17:00
10009,Atienza,Rosie ,11/8/2022,8:00,17:00
10010,Alvaro,Roderick,11/8/2022,8:00,17:00
10011,Salcedo,Anthony,11/8/2022,8:00,17:00
10012,Lopez,Josie ,11/8/2022,8:00,17:00
10013,Farala,Martha,11/8/2022,8:00,17:00
10014,Martinez,Leila,11/8/2022,8:00,17:00
10015,Romualdez,Fredrick ,11/8/2022,8:00,17:00
10016,Mata,Christian,11/8/2022,8:00,17:00
10017,De Leon,Selena ,11/8/2022,8:00,17:00
10018,San Jose,Allison ,11/8/2022,8:00,17:00
10019,Rosario,Cydney ,11/8/2022,8:00,17:00
10020,Bautista,Mark ,11/8/2022,8:00,17:00
10021,Lazaro,Darlene ,11/8/2022,8:00,17:00
10022,Delos Santos,Kolby ,11/8/2022,8:00,17:00
10023,Santos,Vella ,11/8/2022,8:00,17:00
10024,Del Rosario,Tomas,11/8/2022,8:00,17:00
10025,Tolentino,Jacklyn ,11/8/2022,8:00,17:00
10001,Garcia,Manuel III,11/9/2022,8:00,17:00
10002,Lim,Antonio,11/9/2022,8:00,17:00
10003,Aquino,Bianca Sofia,11/9/2022,8:00,17:00
10004,Reyes,Isabella,11/9/2022,8:00,17:00
10005,Hernandez,Eduard,11/9/2022,8:00,17:00
10006,Villanueva,Andrea Mae,11/9/2022,8:00,17:00
10007,San Jose,Brad ,11/9/2022,8:27,17:00
10008,Romualdez,Alice,11/9/2022,8:01,17:00
10009,Atienza,Rosie ,11/9/2022,8:05,17:00
10010,Alvaro,Roderick,11/9/2022,8:00,17:00
10011,Salcedo,Anthony,11/9/2022,8:00,17:00
10012,Lopez,Josie ,11/9/2022,8:00,17:00
10013,Farala,Martha,11/9/2022,8:00,17:00
10014,Martinez,Leila,11/9/2022,8:00,17:00
10015,Romualdez,Fredrick ,11/9/2022,8:00,17:00
10016,Mata,Christian,11/9/2022,8:28,17:00
10017,De Leon,Selena ,11/9/2022,8:00,17:00
10018,San Jose,Allison ,11/9/2022,8:00,17:00
10019,Rosario,Cydney ,11/9/2022,8:00,17:00
10020,Bautista,Mark ,11/9/2022,8:00,17:00
10021,Lazaro,Darlene ,11/9/2022,8:11,17:00
10022,Delos Santos,Kolby ,11/9/2022,8:00,17:00
10023,Santos,Vella ,11/9/2022,8:00,17:00
10024,Del Rosario,Tomas,11/9/2022,8:21,17:00
10025,Tolentino,Jacklyn ,11/9/2022,8:00,17:00
10001,Garcia,Manuel III,11/10/2022,8:00,17:00
10002,Lim,Antonio,11/10/2022,8:00,17:00
10003,Aquino,Bianca Sofia,11/10/2022,8:00,17:00
10004,Reyes,Isabella,11/10/2022,8:00,17:00
10005,Hernandez,Eduard,11/10/2022,8:00,17:00
10006,Villanueva,Andrea Mae,11/10/2022,8:00,17:00
10007,San Jose,Brad ,11/10/2022,8:00,17:00
10008,Romualdez,Alice,11/10/2022,8:00,17:00
10009,Atienza,Rosie ,11/10/2022,8:00,17:00
10010,Alvaro,Roderick,11/10/2022,8:00,17:00
10011,Salcedo,Anthony,11/10/2022,8:00,17:00
10012,Lopez,Josie ,11/10/2022,8:00,17:00
10013,Farala,Martha,11/10/2022,8:00,17:00
10014,Martinez,Leila,11/10/2022,8:00,17:00
10015,Romualdez,Fredrick ,11/10/2022,8:00,17:00
10016,Mata,Christian,11/10/2022,8:00,17:00
10017,De Leon,Selena ,11/10/2022,8:00,17:00
10018,San Jose,Allison ,11/10/2022,8:00,17:00
10019,Rosario,Cydney ,11/10/2022,8:00,17:00
10020,Bautista,Mark ,11/10/2022,8:00,17:00
10021,Lazaro,Darlene ,11/10/2022,8:00,17:00
10022,Delos Santos,Kolby ,11/10/2022,8:00,17:00
10023,Santos,Vella ,11/10/2022,8:00,17:00
10024,Del Rosario,Tomas,11/10/2022,8:00,17:00
10025,Tolentino,Jacklyn ,11/10/2022,8:00,17:00
10001,Garcia,Manuel III,11/11/2022,8:00,17:00
10002,Lim,Antonio,11/11/2022,8:00,17:00
10003,Aquino,Bianca Sofia,11/11/2022,8:00,17:00
10004,Reyes,Isabella,11/11/2022,8:00,17:00
10005,Hernandez,Eduard,11/11/2022,8:15,17:00
10006,Villanueva,Andrea Mae,11/11/2022,8:00,17:00
10007,San Jose,Brad ,11/11/2022,8:00,17:00
10008,Romualdez,Alice,11/11/2022,8:00,17:00
10009,Atienza,Rosie ,11/11/2022,8:00,17:00
10010,Alvaro,Roderick,11/11/2022,8:00,17:00
10011,Salcedo,Anthony,11/11/2022,10:30,17:00
10012,Lopez,Josie ,11/11/2022,8:00,17:00
10013,Farala,Martha,11/11/2022,8:00,17:00
10014,Martinez,Leila,11/11/2022,8:00,17:00
10015,Romualdez,Fredrick ,11/11/2022,8:00,17:00
10016,Mata,Christian,11/11/2022,8:00,17:00
10017,De Leon,Selena ,11/11/2022,8:00,17:00
10018,San Jose,Allison ,11/11/2022,8:00,17:00
10019,Rosario,Cydney ,11/11/2022,8:00,17:00
10020,Bautista,Mark ,11/11/2022,8:00,17:00
10021,Lazaro,Darlene ,11/11/2022,13:00,17:00
10022,Delos Santos,Kolby ,11/11/2022,8:00,17:00
10023,Santos,Vella ,11/11/2022,8:00,17:00
10024,Del Rosario,Tomas,11/11/2022,8:00,17:00
10025,Tolentino,Jacklyn ,11/11/2022,8:00,17:00
10001,Garcia,Manuel III,11/14/2022,8:00,17:00
10002,Lim,Antonio,11/14/2022,8:00,17:00
10003,Aquino,Bianca Sofia,11/14/2022,11:30,17:00
10004,Reyes,Isabella,11/14/2022,8:00,17:00
10005,Hernandez,Eduard,11/14/2022,8:00,17:00
10006,Villanueva,Andrea Mae,11/14/2022,8:00,17:00
10007,San Jose,Brad ,11/14/2022,8:00,17:00
10008,Romualdez,Alice,11/14/2022,8:10,17:00
10009,Atienza,Rosie ,11/14/2022,8:00,17:00
10010,Alvaro,Roderick,11/14/2022,8:00,17:00
10011,Salcedo,Anthony,11/14/2022,8:00,17:00
10012,Lopez,Josie ,11/14/2022,8:00,17:00
10013,Farala,Martha,11/14/2022,8:00,17:00
10014,Martinez,Leila,11/14/2022,8:00,17:00
10015,Romualdez,Fredrick ,11/14/2022,8:00,17:00
10016,Mata,Christian,11/14/2022,8:00,17:00
10017,De Leon,Selena ,11/14/2022,8:05,17:00
10018,San Jose,Allison ,11/14/2022,8:00,17:00
10019,Rosario,Cydney ,11/14/2022,8:00,17:00
10020,Bautista,Mark ,11/14/2022,8:00,17:00
10021,Lazaro,Darlene ,11/14/2022,8:00,17:00
10022,Delos Santos,Kolby ,11/14/2022,8:00,17:00
10023,Santos,Vella ,11/14/2022,9:00,17:00
10024,Del Rosario,Tomas,11/14/2022,8:00,17:00
10025,Tolentino,Jacklyn ,11/14/2022,8:00,17:00
10001,Garcia,Manuel III,11/15/2022,8:00,17:00
10002,Lim,Antonio,11/15/2022,8:00,17:00
10003,Aquino,Bianca Sofia,11/15/2022,8:00,17:00
10004,Reyes,Isabella,11/15/2022,8:00,17:00
10005,Hernandez,Eduard,11/15/2022,8:00,17:00
10006,Villanueva,Andrea Mae,11/15/2022,8:00,17:00
10007,San Jose,Brad ,11/15/2022,8:00,17:00
10008,Romualdez,Alice,11/15/2022,8:00,17:00
10009,Atienza,Rosie ,11/15/2022,8:00,17:00
10010,Alvaro,Roderick,11/15/2022,8:00,17:00
10011,Salcedo,Anthony,11/15/2022,8:00,17:00
10012,Lopez,Josie ,11/15/2022,8:00,17:00
10013,Farala,Martha,11/15/2022,8:00,17:00
10014,Martinez,Leila,11/15/2022,8:00,17:00
10015,Romualdez,Fredrick ,11/15/2022,8:00,17:00
10016,Mata,Christian,11/15/2022,8:00,17:00
10017,De Leon,Selena ,11/15/2022,8:00,17:00
10018,San Jose,Allison ,11/15/2022,8:00,17:00
10019,Rosario,Cydney ,11/15/2022,8:00,17:00
10020,Bautista,Mark ,11/15/2022,8:00,17:00
10021,Lazaro,Darlene ,11/15/2022,8:00,17:00
10022,Delos Santos,Kolby ,11/15/2022,8:00,17:00
10023,Santos,Vella ,11/15/2022,8:00,17:00
10024,Del Rosario,Tomas,11/15/2022,8:00,17:00
10025,Tolentino,Jacklyn ,11/15/2022,8:00,17:00
10001,Garcia,Manuel III,11/16/2022,8:00,17:00
10002,Lim,Antonio,11/16/2022,8:00,17:00
10003,Aquino,Bianca Sofia,11/16/2022,8:00,17:00
10004,Reyes,Isabella,11/16/2022,8:00,17:00
10005,Hernandez,Eduard,11/16/2022,8:00,17:00
10006,Villanueva,Andrea Mae,11/16/2022,8:00,17:00
10007,San Jose,Brad ,11/16/2022,8:00,17:00
10008,Romualdez,Alice,11/16/2022,8:00,17:00
10009,Atienza,Rosie ,11/16/2022,8:00,17:00
10010,Alvaro,Roderick,11/16/2022,8:00,17:00
10011,Salcedo,Anthony,11/16/2022,8:00,17:00
10012,Lopez,Josie ,11/16/2022,8:00,17:00
10013,Farala,Martha,11/16/2022,10:00,17:00
10014,Martinez,Leila,11/16/2022,10:00,17:00
10015,Romualdez,Fredrick ,11/16/2022,10:00,17:00
10016,Mata,Christian,11/16/2022,10:00,17:00
10017,De Leon,Selena ,11/16/2022,10:00,17:00
10018,San Jose,Allison ,11/16/2022,10:00,17:00
10019,Rosario,Cydney ,11/16/2022,10:00,17:00
10020,Bautista,Mark ,11/16/2022,10:00,17:00
10021,Lazaro,Darlene ,11/16/2022,10:00,17:00
10022,Delos Santos,Kolby ,11/16/2022,10:00,17:00
10023,Santos,Vella ,11/16/2022,10:00,17:00
10024,Del Rosario,Tomas,11/16/2022,10:00,17:00
10025,Tolentino,Jacklyn ,11/16/2022,10:00,17:00
10001,Garcia,Manuel III,11/17/2022,8:00,17:00
10002,Lim,Antonio,11/17/2022,8:00,17:00
10003,Aquino,Bianca Sofia,11/17/2022,8:00,17:00
10004,Reyes,Isabella,11/17/2022,8:00,17:00
10005,Hernandez,Eduard,11/17/2022,8:00,17:00
10006,Villanueva,Andrea Mae,11/17/2022,8:00,17:00
10007,San Jose,Brad ,11/17/2022,8:00,17:00
10008,Romualdez,Alice,11/17/2022,8:00,17:00
10009,Atienza,Rosie ,11/17/2022,8:00,17:00
10010,Alvaro,Roderick,11/17/2022,8:00,17:00
10011,Salcedo,Anthony,11/17/2022,8:00,17:00
10012,Lopez,Josie ,11/17/2022,8:00,17:00
10013,Farala,Martha,11/17/2022,8:00,17:00
10014,Martinez,Leila,11/17/2022,8:00,17:00
10015,Romualdez,Fredrick ,11/17/2022,8:00,17:00
10016,Mata,Christian,11/17/2022,8:00,17:00
10017,De Leon,Selena ,11/17/2022,8:00,17:00
10018,San Jose,Allison ,11/17/2022,8:00,17:00
10019,Rosario,Cydney ,11/17/2022,8:00,17:00
10020,Bautista,Mark ,11/17/2022,8:00,17:00
10021,Lazaro,Darlene ,11/17/2022,8:00,17:00
10022,Delos Santos,Kolby ,11/17/2022,8:00,17:00
10023,Santos,Vella ,11/17/2022,8:00,17:00
10024,Del Rosario,Tomas,11/17/2022,8:00,17:00
10025,Tolentino,Jacklyn ,11/17/2022,8:00,17:00
10001,Garcia,Manuel III,11/18/2022,8:00,17:00
10002,Lim,Antonio,11/18/2022,8:00,17:00
10003,Aquino,Bianca Sofia,11/18/2022,8:00,17:00
10004,Reyes,Isabella,11/18/2022,8:00,17:00
10005,Hernandez,Eduard,11/18/2022,8:00,17:00
10006,Villanueva,Andrea Mae,11/18/2022,8:00,17:00
10007,San Jose,Brad ,11/18/2022,8:27,17:00
10008,Romualdez,Alice,11/18/2022,8:01,17:00
10009,Atienza,Rosie ,11/18/2022,8:05,17:00
10010,Alvaro,Roderick,11/18/2022,8:00,17:00
10011,Salcedo,Anthony,11/18/2022,8:00,17:00
10012,Lopez,Josie ,11/18/2022,8:00,17:00
10013,Farala,Martha,11/18/2022,8:00,17:00
10014,Martinez,Leila,11/18/2022,8:00,17:00
10015,Romualdez,Fredrick ,11/18/2022,8:00,17:00
10016,Mata,Christian,11/18/2022,8:28,17:00
10017,De Leon,Selena ,11/18/2022,8:00,17:00
10018,San Jose,Allison ,11/18/2022,8:00,17:00
10019,Rosario,Cydney ,11/18/2022,8:00,17:00
10020,Bautista,Mark ,11/18/2022,8:00,17:00
10021,Lazaro,Darlene ,11/18/2022,8:11,17:00
10022,Delos Santos,Kolby ,11/18/2022,8:00,17:00
10023,Santos,Vella ,11/18/2022,8:00,17:00
10024,Del Rosario,Tomas,11/18/2022,8:21,17:00
10025,Tolentino,Jacklyn ,11/18/2022,8:00,17:00
10001,Garcia,Manuel III,11/21/2022,8:00,17:00
10002,Lim,Antonio,11/21/2022,8:00,17:00
10003,Aquino,Bianca Sofia,11/21/2022,8:00,17:00
10004,Reyes,Isabella,11/21/2022,8:00,17:00
10005,Hernandez,Eduard,11/21/2022,8:00,17:00
10006,Villanueva,Andrea Mae,11/21/2022,8:00,17:00
10007,San Jose,Brad ,11/21/2022,8:00,17:00
10008,Romualdez,Alice,11/21/2022,8:00,17:00
10009,Atienza,Rosie ,11/21/2022,8:00,17:00
10010,Alvaro,Roderick,11/21/2022,8:00,17:00
10011,Salcedo,Anthony,11/21/2022,8:00,17:00
10012,Lopez,Josie ,11/21/2022,8:00,17:00
10013,Farala,Martha,11/21/2022,8:00,17:00
10014,Martinez,Leila,11/21/2022,8:00,17:00
10015,Romualdez,Fredrick ,11/21/2022,8:00,17:00
10016,Mata,Christian,11/21/2022,8:00,17:00
10017,De Leon,Selena ,11/21/2022,8:00,17:00
10018,San Jose,Allison ,11/21/2022,8:00,17:00
10019,Rosario,Cydney ,11/21/2022,8:00,17:00
10020,Bautista,Mark ,11/21/2022,8:00,17:00
10021,Lazaro,Darlene ,11/21/2022,8:00,17:00
10022,Delos Santos,Kolby ,11/21/2022,8:00,17:00
10023,Santos,Vella ,11/21/2022,8:00,17:00
10024,Del Rosario,Tomas,11/21/2022,8:00,17:00
10025,Tolentino,Jacklyn ,11/21/2022,8:00,17:00
10001,Garcia,Manuel III,11/22/2022,8:00,17:00
10002,Lim,Antonio,11/22/2022,8:00,17:00
10003,Aquino,Bianca Sofia,11/22/2022,8:00,17:00
10004,Reyes,Isabella,11/22/2022,8:00,17:00
10005,Hernandez,Eduard,11/22/2022,8:15,17:00
10006,Villanueva,Andrea Mae,11/22/2022,8:00,17:00
10007,San Jose,Brad ,11/22/2022,8:00,17:00
10008,Romualdez,Alice,11/22/2022,8:00,17:00
10009,Atienza,Rosie ,11/22/2022,8:00,17:00
10010,Alvaro,Roderick,11/22/2022,8:00,17:00
10011,Salcedo,Anthony,11/22/2022,10:30,17:00
10012,Lopez,Josie ,11/22/2022,8:00,17:00
10013,Farala,Martha,11/22/2022,8:00,17:00
10014,Martinez,Leila,11/22/2022,8:00,17:00
10015,Romualdez,Fredrick ,11/22/2022,8:00,17:00
10016,Mata,Christian,11/22/2022,8:00,17:00
10017,De Leon,Selena ,11/22/2022,8:00,17:00
10018,San Jose,Allison ,11/22/2022,8:00,17:00
10019,Rosario,Cydney ,11/22/2022,8:00,17:00
10020,Bautista,Mark ,11/22/2022,8:00,17:00
10021,Lazaro,Darlene ,11/22/2022,13:00,17:00
10022,Delos Santos,Kolby ,11/22/2022,8:00,17:00
10023,Santos,Vella ,11/22/2022,8:00,17:00
10024,Del Rosario,Tomas,11/22/2022,8:00,17:00
10025,Tolentino,Jacklyn ,11/22/2022,8:00,17:00
10001,Garcia,Manuel III,11/23/2022,8:00,17:00
10002,Lim,Antonio,11/23/2022,8:00,17:00
10003,Aquino,Bianca Sofia,11/23/2022,11:30,17:00
10004,Reyes,Isabella,11/23/2022,8:00,17:00
10005,Hernandez,Eduard,11/23/2022,8:00,17:00
10006,Villanueva,Andrea Mae,11/23/2022,8:00,17:00
10007,San Jose,Brad ,11/23/2022,8:00,17:00
10008,Romualdez,Alice,11/23/2022,8:10,17:00
10009,Atienza,Rosie ,11/23/2022,8:00,17:00
10010,Alvaro,Roderick,11/23/2022,8:00,17:00
10011,Salcedo,Anthony,11/23/2022,8:00,17:00
10012,Lopez,Josie ,11/23/2022,8:00,17:00
10013,Farala,Martha,11/23/2022,8:00,17:00
10014,Martinez,Leila,11/23/2022,8:00,17:00
10015,Romualdez,Fredrick ,11/23/2022,8:00,17:00
10016,Mata,Christian,11/23/2022,8:00,17:00
10017,De Leon,Selena ,11/23/2022,8:05,17:00
10018,San Jose,Allison ,11/23/2022,8:00,17:00
10019,Rosario,Cydney ,11/23/2022,8:00,17:00
10020,Bautista,Mark ,11/23/2022,8:00,17:00
10021,Lazaro,Darlene ,11/23/2022,8:00,17:00
10022,Delos Santos,Kolby ,11/23/2022,8:00,17:00
10023,Santos,Vella ,11/23/2022,9:00,17:00
10024,Del Rosario,Tomas,11/23/2022,8:00,17:00
10025,Tolentino,Jacklyn ,11/23/2022,8:00,17:00
10001,Garcia,Manuel III,11/24/2022,8:00,17:00
10002,Lim,Antonio,11/24/2022,8:00,17:00
10003,Aquino,Bianca Sofia,11/24/2022,8:00,17:00
10004,Reyes,Isabella,11/24/2022,8:00,17:00
10005,Hernandez,Eduard,11/24/2022,8:00,17:00
10006,Villanueva,Andrea Mae,11/24/2022,8:00,17:00
10007,San Jose,Brad ,11/24/2022,8:00,17:00
10008,Romualdez,Alice,11/24/2022,8:00,17:00
10009,Atienza,Rosie ,11/24/2022,8:00,17:00
10010,Alvaro,Roderick,11/24/2022,8:00,17:00
10011,Salcedo,Anthony,11/24/2022,8:00,17:00
10012,Lopez,Josie ,11/24/2022,8:00,17:00
10013,Farala,Martha,11/24/2022,8:00,17:00
10014,Martinez,Leila,11/24/2022,8:00,17:00
10015,Romualdez,Fredrick ,11/24/2022,8:00,17:00
10016,Mata,Christian,11/24/2022,8:00,17:00
10017,De Leon,Selena ,11/24/2022,8:00,17:00
10018,San Jose,Allison ,11/24/2022,8:00,17:00
10019,Rosario,Cydney ,11/24/2022,8:00,17:00
10020,Bautista,Mark ,11/24/2022,8:00,17:00
10021,Lazaro,Darlene ,11/24/2022,8:00,17:00
10022,Delos Santos,Kolby ,11/24/2022,8:00,17:00
10023,Santos,Vella ,11/24/2022,8:00,17:00
10024,Del Rosario,Tomas,11/24/2022,8:00,17:00
10025,Tolentino,Jacklyn ,11/24/2022,8:00,17:00
10001,Garcia,Manuel III,11/25/2022,8:00,17:00
10002,Lim,Antonio,11/25/2022,8:00,17:00
10003,Aquino,Bianca Sofia,11/25/2022,8:00,17:00
10004,Reyes,Isabella,11/25/2022,8:00,17:00
10005,Hernandez,Eduard,11/25/2022,8:00,17:00
10006,Villanueva,Andrea Mae,11/25/2022,8:00,17:00
10007,San Jose,Brad ,11/25/2022,8:00,17:00
10008,Romualdez,Alice,11/25/2022,8:00,17:00
10009,Atienza,Rosie ,11/25/2022,8:00,17:00
10010,Alvaro,Roderick,11/25/2022,8:00,17:00
10011,Salcedo,Anthony,11/25/2022,8:00,17:00
10012,Lopez,Josie ,11/25/2022,8:00,17:00
10013,Farala,Martha,11/25/2022,10:00,17:00
10014,Martinez,Leila,11/25/2022,10:00,17:00
10015,Romualdez,Fredrick ,11/25/2022,10:00,17:00
10016,Mata,Christian,11/25/2022,10:00,17:00
10017,De Leon,Selena ,11/25/2022,10:00,17:00
10018,San Jose,Allison ,11/25/2022,10:00,17:00
10019,Rosario,Cydney ,11/25/2022,10:00,17:00
10020,Bautista,Mark ,11/25/2022,10:00,17:00
10021,Lazaro,Darlene ,11/25/2022,10:00,17:00
10022,Delos Santos,Kolby ,11/25/2022,10:00,17:00
10023,Santos,Vella ,11/25/2022,10:00,17:00
10024,Del Rosario,Tomas,11/25/2022,10:00,17:00
10025,Tolentino,Jacklyn ,11/25/2022,10:00,17:00
10001,Garcia,Manuel III,11/28/2022,8:00,17:00
10002,Lim,Antonio,11/28/2022,8:00,17:00
10003,Aquino,Bianca Sofia,11/28/2022,8:00,17:00
10004,Reyes,Isabella,11/28/2022,8:00,17:00
10005,Hernandez,Eduard,11/28/2022,8:00,17:00
10006,Villanueva,Andrea Mae,11/28/2022,8:00,17:00
10007,San Jose,Brad ,11/28/2022,8:00,17:00
10008,Romualdez,Alice,11/28/2022,8:00,17:00
10009,Atienza,Rosie ,11/28/2022,8:00,17:00
10010,Alvaro,Roderick,11/28/2022,8:00,17:00
10011,Salcedo,Anthony,11/28/2022,8:00,17:00
10012,Lopez,Josie ,11/28/2022,8:00,17:00
10013,Farala,Martha,11/28/2022,8:00,17:00
10014,Martinez,Leila,11/28/2022,8:00,17:00
10015,Romualdez,Fredrick ,11/28/2022,8:00,17:00
10016,Mata,Christian,11/28/2022,8:00,17:00
10017,De Leon,Selena ,11/28/2022,8:00,17:00
10018,San Jose,Allison ,11/28/2022,8:00,17:00
10019,Rosario,Cydney ,11/28/2022,8:00,17:00
10020,Bautista,Mark ,11/28/2022,8:00,17:00
10021,Lazaro,Darlene ,11/28/2022,8:00,17:00
10022,Delos Santos,Kolby ,11/28/2022,8:00,17:00
10023,Santos,Vella ,11/28/2022,8:00,17:00
10024,Del Rosario,Tomas,11/28/2022,8:00,17:00
10025,Tolentino,Jacklyn ,11/28/2022,8:00,17:00
10001,Garcia,Manuel III,11/29/2022,8:00,17:00
10002,Lim,Antonio,11/29/2022,8:00,17:00
10003,Aquino,Bianca Sofia,11/29/2022,8:00,17:00
10004,Reyes,Isabella,11/29/2022,8:00,17:00
10005,Hernandez,Eduard,11/29/2022,8:00,17:00
10006,Villanueva,Andrea Mae,11/29/2022,8:00,17:00
10007,San Jose,Brad ,11/29/2022,8:27,17:00
10008,Romualdez,Alice,11/29/2022,8:01,17:00
10009,Atienza,Rosie ,11/29/2022,8:05,17:00
10010,Alvaro,Roderick,11/29/2022,8:00,17:00
10011,Salcedo,Anthony,11/29/2022,8:00,17:00
10012,Lopez,Josie ,11/29/2022,8:00,17:00
10013,Farala,Martha,11/29/2022,8:00,17:00
10014,Martinez,Leila,11/29/2022,8:00,17:00
10015,Romualdez,Fredrick ,11/29/2022,8:00,17:00
10016,Mata,Christian,11/29/2022,8:28,17:00
10017,De Leon,Selena ,11/29/2022,8:00,17:00
10018,San Jose,Allison ,11/29/2022,8:00,17:00
10019,Rosario,Cydney ,11/29/2022,8:00,17:00
10020,Bautista,Mark ,11/29/2022,8:00,17:00
10021,Lazaro,Darlene ,11/29/2022,8:11,17:00
10022,Delos Santos,Kolby ,11/29/2022,8:00,17:00
10023,Santos,Vella ,11/29/2022,8:00,17:00
10024,Del Rosario,Tomas,11/29/2022,8:21,17:00
10025,Tolentino,Jacklyn ,11/29/2022,8:00,17:00
10001,Garcia,Manuel III,11/30/2022,0:00,0:00
10002,Lim,Antonio,11/30/2022,0:00,0:00
10003,Aquino,Bianca Sofia,11/30/2022,0:00,0:00
10004,Reyes,Isabella,11/30/2022,0:00,0:00
10005,Hernandez,Eduard,11/30/2022,0:00,0:00
10006,Villanueva,Andrea Mae,11/30/2022,0:00,0:00
10007,San Jose,Brad ,11/30/2022,0:00,0:00
10008,Romualdez,Alice,11/30/2022,0:00,0:00
10009,Atienza,Rosie ,11/30/2022,0:00,0:00
10010,Alvaro,Roderick,11/30/2022,0:00,0:00
10011,Salcedo,Anthony,11/30/2022,0:00,0:00
10012,Lopez,Josie ,11/30/2022,0:00,0:00
10013,Farala,Martha,11/30/2022,0:00,0:00
10014,Martinez,Leila,11/30/2022,0:00,0:00
10015,Romualdez,Fredrick ,11/30/2022,0:00,0:00
10016,Mata,Christian,11/30/2022,0:00,0:00
10017,De Leon,Selena ,11/30/2022,0:00,0:00
10018,San Jose,Allison ,11/30/2022,0:00,0:00
10019,Rosario,Cydney ,11/30/2022,0:00,0:00
10020,Bautista,Mark ,11/30/2022,0:00,0:00
10021,Lazaro,Darlene ,11/30/2022,0:00,0:00
10022,Delos Santos,Kolby ,11/30/2022,0:00,0:00
10023,Santos,Vella ,11/30/2022,0:00,0:00
10024,Del Rosario,Tomas,11/30/2022,0:00,0:00
10025,Tolentino,Jacklyn ,11/30/2022,0:00,0:00
10001,Garcia,Manuel III,12/1/2022,8:00,17:00
10002,Lim,Antonio,12/1/2022,8:00,17:00
10003,Aquino,Bianca Sofia,12/1/2022,8:00,17:00
10004,Reyes,Isabella,12/1/2022,8:00,17:00
10005,Hernandez,Eduard,12/1/2022,8:15,17:00
10006,Villanueva,Andrea Mae,12/1/2022,8:00,17:00
10007,San Jose,Brad ,12/1/2022,8:00,17:00
10008,Romualdez,Alice,12/1/2022,8:00,17:00
10009,Atienza,Rosie ,12/1/2022,8:00,17:00
10010,Alvaro,Roderick,12/1/2022,8:00,17:00
10011,Salcedo,Anthony,12/1/2022,10:30,17:00
10012,Lopez,Josie ,12/1/2022,8:00,17:00
10013,Farala,Martha,12/1/2022,8:00,17:00
10014,Martinez,Leila,12/1/2022,8:00,17:00
10015,Romualdez,Fredrick ,12/1/2022,8:00,17:00
10016,Mata,Christian,12/1/2022,8:00,17:00
10017,De Leon,Selena ,12/1/2022,8:00,17:00
10018,San Jose,Allison ,12/1/2022,8:00,17:00
10019,Rosario,Cydney ,12/1/2022,8:00,17:00
10020,Bautista,Mark ,12/1/2022,8:00,17:00
10021,Lazaro,Darlene ,12/1/2022,13:00,17:00
10022,Delos Santos,Kolby ,12/1/2022,8:00,17:00
10023,Santos,Vella ,12/1/2022,8:00,17:00
10024,Del Rosario,Tomas,12/1/2022,8:00,17:00
10025,Tolentino,Jacklyn ,12/1/2022,8:00,17:00
10001,Garcia,Manuel III,12/2/2022,8:00,17:00
10002,Lim,Antonio,12/2/2022,8:00,17:00
10003,Aquino,Bianca Sofia,12/2/2022,11:30,17:00
10004,Reyes,Isabella,12/2/2022,8:00,17:00
10005,Hernandez,Eduard,12/2/2022,8:00,17:00
10006,Villanueva,Andrea Mae,12/2/2022,8:00,17:00
10007,San Jose,Brad ,12/2/2022,8:00,17:00
10008,Romualdez,Alice,12/2/2022,8:10,17:00
10009,Atienza,Rosie ,12/2/2022,8:00,17:00
10010,Alvaro,Roderick,12/2/2022,8:00,17:00
10011,Salcedo,Anthony,12/2/2022,8:00,17:00
10012,Lopez,Josie ,12/2/2022,8:00,17:00
10013,Farala,Martha,12/2/2022,8:00,17:00
10014,Martinez,Leila,12/2/2022,8:00,17:00
10015,Romualdez,Fredrick ,12/2/2022,8:00,17:00
10016,Mata,Christian,12/2/2022,8:00,17:00
10017,De Leon,Selena ,12/2/2022,8:05,17:00
10018,San Jose,Allison ,12/2/2022,8:00,17:00
10019,Rosario,Cydney ,12/2/2022,8:00,17:00
10020,Bautista,Mark ,12/2/2022,8:00,17:00
10021,Lazaro,Darlene ,12/2/2022,8:00,17:00
10022,Delos Santos,Kolby ,12/2/2022,8:00,17:00
10023,Santos,Vella ,12/2/2022,9:00,17:00
10024,Del Rosario,Tomas,12/2/2022,8:00,17:00
10025,Tolentino,Jacklyn ,12/2/2022,8:00,17:00
10001,Garcia,Manuel III,12/5/2022,8:00,17:00
10002,Lim,Antonio,12/5/2022,8:00,17:00
10003,Aquino,Bianca Sofia,12/5/2022,8:00,17:00
10004,Reyes,Isabella,12/5/2022,8:00,17:00
10005,Hernandez,Eduard,12/5/2022,8:00,17:00
10006,Villanueva,Andrea Mae,12/5/2022,8:00,17:00
10007,San Jose,Brad ,12/5/2022,8:00,17:00
10008,Romualdez,Alice,12/5/2022,8:00,17:00
10009,Atienza,Rosie ,12/5/2022,8:00,17:00
10010,Alvaro,Roderick,12/5/2022,8:00,17:00
10011,Salcedo,Anthony,12/5/2022,8:00,17:00
10012,Lopez,Josie ,12/5/2022,8:00,17:00
10013,Farala,Martha,12/5/2022,8:00,17:00
10014,Martinez,Leila,12/5/2022,8:00,17:00
10015,Romualdez,Fredrick ,12/5/2022,8:00,17:00
10016,Mata,Christian,12/5/2022,8:00,17:00
10017,De Leon,Selena ,12/5/2022,8:00,17:00
10018,San Jose,Allison ,12/5/2022,8:00,17:00
10019,Rosario,Cydney ,12/5/2022,8:00,17:00
10020,Bautista,Mark ,12/5/2022,8:00,17:00
10021,Lazaro,Darlene ,12/5/2022,8:00,17:00
10022,Delos Santos,Kolby ,12/5/2022,8:00,17:00
10023,Santos,Vella ,12/5/2022,8:00,17:00
10024,Del Rosario,Tomas,12/5/2022,8:00,17:00
10025,Tolentino,Jacklyn ,12/5/2022,8:00,17:00
10001,Garcia,Manuel III,12/6/2022,8:00,17:00
10002,Lim,Antonio,12/6/2022,8:00,17:00
10003,Aquino,Bianca Sofia,12/6/2022,8:00,17:00
10004,Reyes,Isabella,12/6/2022,8:00,17:00
10005,Hernandez,Eduard,12/6/2022,8:00,17:00
10006,Villanueva,Andrea Mae,12/6/2022,8:00,17:00
10007,San Jose,Brad ,12/6/2022,8:00,17:00
10008,Romualdez,Alice,12/6/2022,8:00,17:00
10009,Atienza,Rosie ,12/6/2022,8:00,17:00
10010,Alvaro,Roderick,12/6/2022,8:00,17:00
10011,Salcedo,Anthony,12/6/2022,8:00,17:00
10012,Lopez,Josie ,12/6/2022,8:00,17:00
10013,Farala,Martha,12/6/2022,10:00,17:00
10014,Martinez,Leila,12/6/2022,10:00,17:00
10015,Romualdez,Fredrick ,12/6/2022,10:00,17:00
10016,Mata,Christian,12/6/2022,10:00,17:00
10017,De Leon,Selena ,12/6/2022,10:00,17:00
10018,San Jose,Allison ,12/6/2022,10:00,17:00
10019,Rosario,Cydney ,12/6/2022,10:00,17:00
10020,Bautista,Mark ,12/6/2022,10:00,17:00
10021,Lazaro,Darlene ,12/6/2022,10:00,17:00
10022,Delos Santos,Kolby ,12/6/2022,10:00,17:00
10023,Santos,Vella ,12/6/2022,10:00,17:00
10024,Del Rosario,Tomas,12/6/2022,10:00,17:00
10025,Tolentino,Jacklyn ,12/6/2022,10:00,17:00
10001,Garcia,Manuel III,12/7/2022,8:00,17:00
10002,Lim,Antonio,12/7/2022,8:00,17:00
10003,Aquino,Bianca Sofia,12/7/2022,8:00,17:00
10004,Reyes,Isabella,12/7/2022,8:00,17:00
10005,Hernandez,Eduard,12/7/2022,8:00,17:00
10006,Villanueva,Andrea Mae,12/7/2022,8:00,17:00
10007,San Jose,Brad ,12/7/2022,8:00,17:00
10008,Romualdez,Alice,12/7/2022,8:00,17:00
10009,Atienza,Rosie ,12/7/2022,8:00,17:00
10010,Alvaro,Roderick,12/7/2022,8:00,17:00
10011,Salcedo,Anthony,12/7/2022,8:00,17:00
10012,Lopez,Josie ,12/7/2022,8:00,17:00
10013,Farala,Martha,12/7/2022,8:00,17:00
10014,Martinez,Leila,12/7/2022,8:00,17:00
10015,Romualdez,Fredrick ,12/7/2022,8:00,17:00
10016,Mata,Christian,12/7/2022,8:00,17:00
10017,De Leon,Selena ,12/7/2022,8:00,17:00
10018,San Jose,Allison ,12/7/2022,8:00,17:00
10019,Rosario,Cydney ,12/7/2022,8:00,17:00
10020,Bautista,Mark ,12/7/2022,8:00,17:00
10021,Lazaro,Darlene ,12/7/2022,8:00,17:00
10022,Delos Santos,Kolby ,12/7/2022,8:00,17:00
10023,Santos,Vella ,12/7/2022,8:00,17:00
10024,Del Rosario,Tomas,12/7/2022,8:00,17:00
10025,Tolentino,Jacklyn ,12/7/2022,8:00,17:00
10001,Garcia,Manuel III,12/8/2022,0:00,0:00
10002,Lim,Antonio,12/8/2022,0:00,0:00
10003,Aquino,Bianca Sofia,12/8/2022,0:00,0:00
10004,Reyes,Isabella,12/8/2022,0:00,0:00
10005,Hernandez,Eduard,12/8/2022,0:00,0:00
10006,Villanueva,Andrea Mae,12/8/2022,0:00,0:00
10007,San Jose,Brad ,12/8/2022,0:00,0:00
10008,Romualdez,Alice,12/8/2022,0:00,0:00
10009,Atienza,Rosie ,12/8/2022,0:00,0:00
10010,Alvaro,Roderick,12/8/2022,0:00,0:00
10011,Salcedo,Anthony,12/8/2022,0:00,0:00
10012,Lopez,Josie ,12/8/2022,0:00,0:00
10013,Farala,Martha,12/8/2022,0:00,0:00
10014,Martinez,Leila,12/8/2022,0:00,0:00
10015,Romualdez,Fredrick ,12/8/2022,0:00,0:00
10016,Mata,Christian,12/8/2022,0:00,0:00
10017,De Leon,Selena ,12/8/2022,0:00,0:00
10018,San Jose,Allison ,12/8/2022,0:00,0:00
10019,Rosario,Cydney ,12/8/2022,0:00,0:00
10020,Bautista,Mark ,12/8/2022,0:00,0:00
10021,Lazaro,Darlene ,12/8/2022,0:00,0:00
10022,Delos Santos,Kolby ,12/8/2022,0:00,0:00
10023,Santos,Vella ,12/8/2022,0:00,0:00
10024,Del Rosario,Tomas,12/8/2022,0:00,0:00
10025,Tolentino,Jacklyn ,12/8/2022,0:00,0:00
10001,Garcia,Manuel III,12/9/2022,8:00,17:00
10002,Lim,Antonio,12/9/2022,8:00,17:00
10003,Aquino,Bianca Sofia,12/9/2022,8:00,17:00
10004,Reyes,Isabella,12/9/2022,8:00,17:00
10005,Hernandez,Eduard,12/9/2022,8:00,17:00
10006,Villanueva,Andrea Mae,12/9/2022,8:00,17:00
10007,San Jose,Brad ,12/9/2022,8:00,17:00
10008,Romualdez,Alice,12/9/2022,8:00,17:00
10009,Atienza,Rosie ,12/9/2022,8:00,17:00
10010,Alvaro,Roderick,12/9/2022,8:00,17:00
10011,Salcedo,Anthony,12/9/2022,8:00,17:00
10012,Lopez,Josie ,12/9/2022,8:00,17:00
10013,Farala,Martha,12/9/2022,8:00,17:00
10014,Martinez,Leila,12/9/2022,8:00,17:00
10015,Romualdez,Fredrick ,12/9/2022,8:00,17:00
10016,Mata,Christian,12/9/2022,8:00,17:00
10017,De Leon,Selena ,12/9/2022,8:00,17:00
10018,San Jose,Allison ,12/9/2022,8:00,17:00
10019,Rosario,Cydney ,12/9/2022,8:00,17:00
10020,Bautista,Mark ,12/9/2022,8:00,17:00
10021,Lazaro,Darlene ,12/9/2022,8:00,17:00
10022,Delos Santos,Kolby ,12/9/2022,8:00,17:00
10023,Santos,Vella ,12/9/2022,8:00,17:00
10024,Del Rosario,Tomas,12/9/2022,8:00,17:00
10025,Tolentino,Jacklyn ,12/9/2022,8:00,17:00
10001,Garcia,Manuel III,12/12/2022,8:00,17:00
10002,Lim,Antonio,12/12/2022,8:00,17:00
10003,Aquino,Bianca Sofia,12/12/2022,8:00,17:00
10004,Reyes,Isabella,12/12/2022,8:00,17:00
10005,Hernandez,Eduard,12/12/2022,8:15,17:00
10006,Villanueva,Andrea Mae,12/12/2022,8:00,17:00
10007,San Jose,Brad ,12/12/2022,8:00,17:00
10008,Romualdez,Alice,12/12/2022,8:00,17:00
10009,Atienza,Rosie ,12/12/2022,8:00,17:00
10010,Alvaro,Roderick,12/12/2022,8:00,17:00
10011,Salcedo,Anthony,12/12/2022,10:30,17:00
10012,Lopez,Josie ,12/12/2022,8:00,17:00
10013,Farala,Martha,12/12/2022,8:00,17:00
10014,Martinez,Leila,12/12/2022,8:00,17:00
10015,Romualdez,Fredrick ,12/12/2022,8:00,17:00
10016,Mata,Christian,12/12/2022,8:00,17:00
10017,De Leon,Selena ,12/12/2022,8:00,17:00
10018,San Jose,Allison ,12/12/2022,8:00,17:00
10019,Rosario,Cydney ,12/12/2022,8:00,17:00
10020,Bautista,Mark ,12/12/2022,8:00,17:00
10021,Lazaro,Darlene ,12/12/2022,13:00,17:00
10022,Delos Santos,Kolby ,12/12/2022,8:00,17:00
10023,Santos,Vella ,12/12/2022,8:00,17:00
10024,Del Rosario,Tomas,12/12/2022,8:00,17:00
10025,Tolentino,Jacklyn ,12/12/2022,8:00,17:00
10001,Garcia,Manuel III,12/13/2022,8:00,17:00
10002,Lim,Antonio,12/13/2022,8:00,17:00
10003,Aquino,Bianca Sofia,12/13/2022,11:30,17:00
10004,Reyes,Isabella,12/13/2022,8:00,17:00
10005,Hernandez,Eduard,12/13/2022,8:00,17:00
10006,Villanueva,Andrea Mae,12/13/2022,8:00,17:00
10007,San Jose,Brad ,12/13/2022,8:00,17:00
10008,Romualdez,Alice,12/13/2022,8:10,17:00
10009,Atienza,Rosie ,12/13/2022,8:00,17:00
10010,Alvaro,Roderick,12/13/2022,8:00,17:00
10011,Salcedo,Anthony,12/13/2022,8:00,17:00
10012,Lopez,Josie ,12/13/2022,8:00,17:00
10013,Farala,Martha,12/13/2022,8:00,17:00
10014,Martinez,Leila,12/13/2022,8:00,17:00
10015,Romualdez,Fredrick ,12/13/2022,8:00,17:00
10016,Mata,Christian,12/13/2022,8:00,17:00
10017,De Leon,Selena ,12/13/2022,8:05,17:00
10018,San Jose,Allison ,12/13/2022,8:00,17:00
10019,Rosario,Cydney ,12/13/2022,8:00,17:00
10020,Bautista,Mark ,12/13/2022,8:00,17:00
10021,Lazaro,Darlene ,12/13/2022,8:00,17:00
10022,Delos Santos,Kolby ,12/13/2022,8:00,17:00
10023,Santos,Vella ,12/13/2022,9:00,17:00
10024,Del Rosario,Tomas,12/13/2022,8:00,17:00
10025,Tolentino,Jacklyn ,12/13/2022,8:00,17:00
10001,Garcia,Manuel III,12/14/2022,8:00,17:00
10002,Lim,Antonio,12/14/2022,8:00,17:00
10003,Aquino,Bianca Sofia,12/14/2022,8:00,17:00
10004,Reyes,Isabella,12/14/2022,8:00,17:00
10005,Hernandez,Eduard,12/14/2022,8:00,17:00
10006,Villanueva,Andrea Mae,12/14/2022,8:00,17:00
10007,San Jose,Brad ,12/14/2022,8:00,17:00
10008,Romualdez,Alice,12/14/2022,8:00,17:00
10009,Atienza,Rosie ,12/14/2022,8:00,17:00
10010,Alvaro,Roderick,12/14/2022,8:00,17:00
10011,Salcedo,Anthony,12/14/2022,8:00,17:00
10012,Lopez,Josie ,12/14/2022,8:00,17:00
10013,Farala,Martha,12/14/2022,8:00,17:00
10014,Martinez,Leila,12/14/2022,8:00,17:00
10015,Romualdez,Fredrick ,12/14/2022,8:00,17:00
10016,Mata,Christian,12/14/2022,8:00,17:00
10017,De Leon,Selena ,12/14/2022,8:00,17:00
10018,San Jose,Allison ,12/14/2022,8:00,17:00
10019,Rosario,Cydney ,12/14/2022,8:00,17:00
10020,Bautista,Mark ,12/14/2022,8:00,17:00
10021,Lazaro,Darlene ,12/14/2022,8:00,17:00
10022,Delos Santos,Kolby ,12/14/2022,8:00,17:00
10023,Santos,Vella ,12/14/2022,8:00,17:00
10024,Del Rosario,Tomas,12/14/2022,8:00,17:00
10025,Tolentino,Jacklyn ,12/14/2022,8:00,17:00
10001,Garcia,Manuel III,12/15/2022,8:00,17:00
10002,Lim,Antonio,12/15/2022,0:00,0:00
10003,Aquino,Bianca Sofia,12/15/2022,0:00,0:00
10004,Reyes,Isabella,12/15/2022,0:00,0:00
10005,Hernandez,Eduard,12/15/2022,0:00,0:00
10006,Villanueva,Andrea Mae,12/15/2022,0:00,0:00
10007,San Jose,Brad ,12/15/2022,8:00,17:00
10008,Romualdez,Alice,12/15/2022,8:00,17:00
10009,Atienza,Rosie ,12/15/2022,8:00,17:00
10010,Alvaro,Roderick,12/15/2022,8:00,17:00
10011,Salcedo,Anthony,12/15/2022,8:00,17:00
10012,Lopez,Josie ,12/15/2022,8:00,17:00
10013,Farala,Martha,12/15/2022,10:00,17:00
10014,Martinez,Leila,12/15/2022,10:00,17:00
10015,Romualdez,Fredrick ,12/15/2022,10:00,17:00
10016,Mata,Christian,12/15/2022,10:00,17:00
10017,De Leon,Selena ,12/15/2022,10:00,17:00
10018,San Jose,Allison ,12/15/2022,10:00,17:00
10019,Rosario,Cydney ,12/15/2022,10:00,17:00
10020,Bautista,Mark ,12/15/2022,10:00,17:00
10021,Lazaro,Darlene ,12/15/2022,10:00,17:00
10022,Delos Santos,Kolby ,12/15/2022,10:00,17:00
10023,Santos,Vella ,12/15/2022,10:00,17:00
10024,Del Rosario,Tomas,12/15/2022,10:00,17:00
10025,Tolentino,Jacklyn ,12/15/2022,10:00,17:00
10001,Garcia,Manuel III,12/16/2022,8:00,17:00
10002,Lim,Antonio,12/16/2022,0:00,0:00
10003,Aquino,Bianca Sofia,12/16/2022,0:00,0:00
10004,Reyes,Isabella,12/16/2022,0:00,0:00
10005,Hernandez,Eduard,12/16/2022,0:00,0:00
10006,Villanueva,Andrea Mae,12/16/2022,0:00,0:00
10007,San Jose,Brad ,12/16/2022,8:00,17:00
10008,Romualdez,Alice,12/16/2022,8:00,17:00
10009,Atienza,Rosie ,12/16/2022,8:00,17:00
10010,Alvaro,Roderick,12/16/2022,8:00,17:00
10011,Salcedo,Anthony,12/16/2022,8:00,17:00
10012,Lopez,Josie ,12/16/2022,8:00,17:00
10013,Farala,Martha,12/16/2022,8:00,17:00
10014,Martinez,Leila,12/16/2022,8:00,17:00
10015,Romualdez,Fredrick ,12/16/2022,8:00,17:00
10016,Mata,Christian,12/16/2022,8:00,17:00
10017,De Leon,Selena ,12/16/2022,8:00,17:00
10018,San Jose,Allison ,12/16/2022,8:00,17:00
10019,Rosario,Cydney ,12/16/2022,8:00,17:00
10020,Bautista,Mark ,12/16/2022,8:00,17:00
10021,Lazaro,Darlene ,12/16/2022,8:00,17:00
10022,Delos Santos,Kolby ,12/16/2022,8:00,17:00
10023,Santos,Vella ,12/16/2022,8:00,17:00
10024,Del Rosario,Tomas,12/16/2022,8:00,17:00
10025,Tolentino,Jacklyn ,12/16/2022,8:00,17:00
10001,Garcia,Manuel III,12/19/2022,8:00,17:00
10002,Lim,Antonio,12/19/2022,0:00,0:00
10003,Aquino,Bianca Sofia,12/19/2022,0:00,0:00
10004,Reyes,Isabella,12/19/2022,0:00,0:00
10005,Hernandez,Eduard,12/19/2022,0:00,0:00
10006,Villanueva,Andrea Mae,12/19/2022,0:00,0:00
10007,San Jose,Brad ,12/19/2022,8:27,17:00
10008,Romualdez,Alice,12/19/2022,8:01,17:00
10009,Atienza,Rosie ,12/19/2022,8:05,17:00
10010,Alvaro,Roderick,12/19/2022,8:00,17:00
10011,Salcedo,Anthony,12/19/2022,8:00,17:00
10012,Lopez,Josie ,12/19/2022,8:00,17:00
10013,Farala,Martha,12/19/2022,8:00,17:00
10014,Martinez,Leila,12/19/2022,8:00,17:00
10015,Romualdez,Fredrick ,12/19/2022,8:00,17:00
10016,Mata,Christian,12/19/2022,8:28,17:00
10017,De Leon,Selena ,12/19/2022,8:00,17:00
10018,San Jose,Allison ,12/19/2022,8:00,17:00
10019,Rosario,Cydney ,12/19/2022,8:00,17:00
10020,Bautista,Mark ,12/19/2022,8:00,17:00
10021,Lazaro,Darlene ,12/19/2022,8:11,17:00
10022,Delos Santos,Kolby ,12/19/2022,8:00,17:00
10023,Santos,Vella ,12/19/2022,8:00,17:00
10024,Del Rosario,Tomas,12/19/2022,8:21,17:00
10025,Tolentino,Jacklyn ,12/19/2022,8:00,17:00
10001,Garcia,Manuel III,12/20/2022,8:00,17:00
10002,Lim,Antonio,12/20/2022,0:00,0:00
10003,Aquino,Bianca Sofia,12/20/2022,0:00,0:00
10004,Reyes,Isabella,12/20/2022,0:00,0:00
10005,Hernandez,Eduard,12/20/2022,0:00,0:00
10006,Villanueva,Andrea Mae,12/20/2022,0:00,0:00
10007,San Jose,Brad ,12/20/2022,8:00,17:00
10008,Romualdez,Alice,12/20/2022,8:00,17:00
10009,Atienza,Rosie ,12/20/2022,8:00,17:00
10010,Alvaro,Roderick,12/20/2022,8:00,17:00
10011,Salcedo,Anthony,12/20/2022,8:00,17:00
10012,Lopez,Josie ,12/20/2022,8:00,17:00
10013,Farala,Martha,12/20/2022,8:00,17:00
10014,Martinez,Leila,12/20/2022,8:00,17:00
10015,Romualdez,Fredrick ,12/20/2022,8:00,17:00
10016,Mata,Christian,12/20/2022,8:00,17:00
10017,De Leon,Selena ,12/20/2022,8:00,17:00
10018,San Jose,Allison ,12/20/2022,8:00,17:00
10019,Rosario,Cydney ,12/20/2022,8:00,17:00
10020,Bautista,Mark ,12/20/2022,8:00,17:00
10021,Lazaro,Darlene ,12/20/2022,8:00,17:00
10022,Delos Santos,Kolby ,12/20/2022,8:00,17:00
10023,Santos,Vella ,12/20/2022,8:00,17:00
10024,Del Rosario,Tomas,12/20/2022,8:00,17:00
10025,Tolentino,Jacklyn ,12/20/2022,8:00,17:00
10001,Garcia,Manuel III,12/21/2022,8:00,17:00
10002,Lim,Antonio,12/21/2022,0:00,0:00
10003,Aquino,Bianca Sofia,12/21/2022,0:00,0:00
10004,Reyes,Isabella,12/21/2022,0:00,0:00
10005,Hernandez,Eduard,12/21/2022,0:00,0:00
10006,Villanueva,Andrea Mae,12/21/2022,0:00,0:00
10007,San Jose,Brad ,12/21/2022,8:00,17:00
10008,Romualdez,Alice,12/21/2022,8:00,17:00
10009,Atienza,Rosie ,12/21/2022,8:00,17:00
10010,Alvaro,Roderick,12/21/2022,8:00,17:00
10011,Salcedo,Anthony,12/21/2022,10:30,17:00
10012,Lopez,Josie ,12/21/2022,8:00,17:00
10013,Farala,Martha,12/21/2022,8:00,17:00
10014,Martinez,Leila,12/21/2022,8:00,17:00
10015,Romualdez,Fredrick ,12/21/2022,8:00,17:00
10016,Mata,Christian,12/21/2022,8:00,17:00
10017,De Leon,Selena ,12/21/2022,8:00,17:00
10018,San Jose,Allison ,12/21/2022,8:00,17:00
10019,Rosario,Cydney ,12/21/2022,8:00,17:00
10020,Bautista,Mark ,12/21/2022,8:00,17:00
10021,Lazaro,Darlene ,12/21/2022,13:00,17:00
10022,Delos Santos,Kolby ,12/21/2022,8:00,17:00
10023,Santos,Vella ,12/21/2022,8:00,17:00
10024,Del Rosario,Tomas,12/21/2022,8:00,17:00
10025,Tolentino,Jacklyn ,12/21/2022,8:00,17:00
10001,Garcia,Manuel III,12/22/2022,8:00,17:00
10002,Lim,Antonio,12/22/2022,0:00,0:00
10003,Aquino,Bianca Sofia,12/22/2022,0:00,0:00
10004,Reyes,Isabella,12/22/2022,0:00,0:00
10005,Hernandez,Eduard,12/22/2022,0:00,0:00
10006,Villanueva,Andrea Mae,12/22/2022,0:00,0:00
10007,San Jose,Brad ,12/22/2022,8:00,17:00
10008,Romualdez,Alice,12/22/2022,8:10,17:00
10009,Atienza,Rosie ,12/22/2022,8:00,17:00
10010,Alvaro,Roderick,12/22/2022,8:00,17:00
10011,Salcedo,Anthony,12/22/2022,8:00,17:00
10012,Lopez,Josie ,12/22/2022,8:00,17:00
10013,Farala,Martha,12/22/2022,8:00,17:00
10014,Martinez,Leila,12/22/2022,8:00,17:00
10015,Romualdez,Fredrick ,12/22/2022,8:00,17:00
10016,Mata,Christian,12/22/2022,8:00,17:00
10017,De Leon,Selena ,12/22/2022,8:05,17:00
10018,San Jose,Allison ,12/22/2022,8:00,17:00
10019,Rosario,Cydney ,12/22/2022,8:00,17:00
10020,Bautista,Mark ,12/22/2022,8:00,17:00
10021,Lazaro,Darlene ,12/22/2022,8:00,17:00
10022,Delos Santos,Kolby ,12/22/2022,8:00,17:00
10023,Santos,Vella ,12/22/2022,9:00,17:00
10024,Del Rosario,Tomas,12/22/2022,8:00,17:00
10025,Tolentino,Jacklyn ,12/22/2022,8:00,17:00
10001,Garcia,Manuel III,12/23/2022,8:00,17:00
10002,Lim,Antonio,12/23/2022,0:00,0:00
10003,Aquino,Bianca Sofia,12/23/2022,0:00,0:00
10004,Reyes,Isabella,12/23/2022,0:00,0:00
10005,Hernandez,Eduard,12/23/2022,0:00,0:00
10006,Villanueva,Andrea Mae,12/23/2022,0:00,0:00
10007,San Jose,Brad ,12/23/2022,8:00,17:00
10008,Romualdez,Alice,12/23/2022,8:00,17:00
10009,Atienza,Rosie ,12/23/2022,8:00,17:00
10010,Alvaro,Roderick,12/23/2022,8:00,17:00
10011,Salcedo,Anthony,12/23/2022,8:00,17:00
10012,Lopez,Josie ,12/23/2022,8:00,17:00
10013,Farala,Martha,12/23/2022,8:00,17:00
10014,Martinez,Leila,12/23/2022,8:00,17:00
10015,Romualdez,Fredrick ,12/23/2022,8:00,17:00
10016,Mata,Christian,12/23/2022,8:00,17:00
10017,De Leon,Selena ,12/23/2022,8:00,17:00
10018,San Jose,Allison ,12/23/2022,8:00,17:00
10019,Rosario,Cydney ,12/23/2022,8:00,17:00
10020,Bautista,Mark ,12/23/2022,8:00,17:00
10021,Lazaro,Darlene ,12/23/2022,8:00,17:00
10022,Delos Santos,Kolby ,12/23/2022,8:00,17:00
10023,Santos,Vella ,12/23/2022,8:00,17:00
10024,Del Rosario,Tomas,12/23/2022,8:00,17:00
10025,Tolentino,Jacklyn ,12/23/2022,8:00,17:00
10001,Garcia,Manuel III,12/26/2022,8:00,17:00
10002,Lim,Antonio,12/26/2022,0:00,0:00
10003,Aquino,Bianca Sofia,12/26/2022,0:00,0:00
10004,Reyes,Isabella,12/26/2022,0:00,0:00
10005,Hernandez,Eduard,12/26/2022,0:00,0:00
10006,Villanueva,Andrea Mae,12/26/2022,0:00,0:00
10007,San Jose,Brad ,12/26/2022,8:00,17:00
10008,Romualdez,Alice,12/26/2022,8:00,17:00
10009,Atienza,Rosie ,12/26/2022,8:00,17:00
10010,Alvaro,Roderick,12/26/2022,8:00,17:00
10011,Salcedo,Anthony,12/26/2022,8:00,17:00
10012,Lopez,Josie ,12/26/2022,8:00,17:00
10013,Farala,Martha,12/26/2022,10:00,17:00
10014,Martinez,Leila,12/26/2022,10:00,17:00
10015,Romualdez,Fredrick ,12/26/2022,10:00,17:00
10016,Mata,Christian,12/26/2022,10:00,17:00
10017,De Leon,Selena ,12/26/2022,10:00,17:00
10018,San Jose,Allison ,12/26/2022,10:00,17:00
10019,Rosario,Cydney ,12/26/2022,10:00,17:00
10020,Bautista,Mark ,12/26/2022,10:00,17:00
10021,Lazaro,Darlene ,12/26/2022,10:00,17:00
10022,Delos Santos,Kolby ,12/26/2022,10:00,17:00
10023,Santos,Vella ,12/26/2022,10:00,17:00
10024,Del Rosario,Tomas,12/26/2022,10:00,17:00
10025,Tolentino,Jacklyn ,12/26/2022,10:00,17:00
10001,Garcia,Manuel III,12/27/2022,8:00,17:00
10002,Lim,Antonio,12/27/2022,0:00,0:00
10003,Aquino,Bianca Sofia,12/27/2022,0:00,0:00
10004,Reyes,Isabella,12/27/2022,0:00,0:00
10005,Hernandez,Eduard,12/27/2022,0:00,0:00
10006,Villanueva,Andrea Mae,12/27/2022,0:00,0:00
10007,San Jose,Brad ,12/27/2022,8:00,17:00
10008,Romualdez,Alice,12/27/2022,8:00,17:00
10009,Atienza,Rosie ,12/27/2022,8:00,17:00
10010,Alvaro,Roderick,12/27/2022,8:00,17:00
10011,Salcedo,Anthony,12/27/2022,8:00,17:00
10012,Lopez,Josie ,12/27/2022,8:00,17:00
10013,Farala,Martha,12/27/2022,8:00,17:00
10014,Martinez,Leila,12/27/2022,8:00,17:00
10015,Romualdez,Fredrick ,12/27/2022,8:00,17:00
10016,Mata,Christian,12/27/2022,8:00,17:00
10017,De Leon,Selena ,12/27/2022,8:00,17:00
10018,San Jose,Allison ,12/27/2022,8:00,17:00
10019,Rosario,Cydney ,12/27/2022,8:00,17:00
10020,Bautista,Mark ,12/27/2022,8:00,17:00
10021,Lazaro,Darlene ,12/27/2022,8:00,17:00
10022,Delos Santos,Kolby ,12/27/2022,8:00,17:00
10023,Santos,Vella ,12/27/2022,8:00,17:00
10024,Del Rosario,Tomas,12/27/2022,8:00,17:00
10025,Tolentino,Jacklyn ,12/27/2022,8:00,17:00
10001,Garcia,Manuel III,12/28/2022,8:00,17:00
10002,Lim,Antonio,12/28/2022,0:00,0:00
10003,Aquino,Bianca Sofia,12/28/2022,0:00,0:00
10004,Reyes,Isabella,12/28/2022,0:00,0:00
10005,Hernandez,Eduard,12/28/2022,0:00,0:00
10006,Villanueva,Andrea Mae,12/28/2022,0:00,0:00
10007,San Jose,Brad ,12/28/2022,8:27,17:00
10008,Romualdez,Alice,12/28/2022,8:01,17:00
10009,Atienza,Rosie ,12/28/2022,8:05,17:00
10010,Alvaro,Roderick,12/28/2022,8:00,17:00
10011,Salcedo,Anthony,12/28/2022,8:00,17:00
10012,Lopez,Josie ,12/28/2022,8:00,17:00
10013,Farala,Martha,12/28/2022,8:00,17:00
10014,Martinez,Leila,12/28/2022,8:00,17:00
10015,Romualdez,Fredrick ,12/28/2022,8:00,17:00
10016,Mata,Christian,12/28/2022,8:28,17:00
10017,De Leon,Selena ,12/28/2022,8:00,17:00
10018,San Jose,Allison ,12/28/2022,8:00,17:00
10019,Rosario,Cydney ,12/28/2022,8:00,17:00
10020,Bautista,Mark ,12/28/2022,8:00,17:00
10021,Lazaro,Darlene ,12/28/2022,8:11,17:00
10022,Delos Santos,Kolby ,12/28/2022,8:00,17:00
10023,Santos,Vella ,12/28/2022,8:00,17:00
10024,Del Rosario,Tomas,12/28/2022,8:21,17:00
10025,Tolentino,Jacklyn ,12/28/2022,8:00,17:00
10001,Garcia,Manuel III,12/29/2022,8:00,17:00
10002,Lim,Antonio,12/29/2022,0:00,0:00
10003,Aquino,Bianca Sofia,12/29/2022,0:00,0:00
10004,Reyes,Isabella,12/29/2022,0:00,0:00
10005,Hernandez,Eduard,12/29/2022,0:00,0:00
10006,Villanueva,Andrea Mae,12/29/2022,0:00,0:00
10007,San Jose,Brad ,12/29/2022,8:00,17:00
10008,Romualdez,Alice,12/29/2022,8:00,17:00
10009,Atienza,Rosie ,12/29/2022,8:00,17:00
10010,Alvaro,Roderick,12/29/2022,8:00,17:00
10011,Salcedo,Anthony,12/29/2022,8:00,17:00
10012,Lopez,Josie ,12/29/2022,8:00,17:00
10013,Farala,Martha,12/29/2022,8:00,17:00
10014,Martinez,Leila,12/29/2022,8:00,17:00
10015,Romualdez,Fredrick ,12/29/2022,8:00,17:00
10016,Mata,Christian,12/29/2022,8:00,17:00
10017,De Leon,Selena ,12/29/2022,8:00,17:00
10018,San Jose,Allison ,12/29/2022,8:00,17:00
10019,Rosario,Cydney ,12/29/2022,8:00,17:00
10020,Bautista,Mark ,12/29/2022,8:00,17:00
10021,Lazaro,Darlene ,12/29/2022,8:00,17:00
10022,Delos Santos,Kolby ,12/29/2022,8:00,17:00
10023,Santos,Vella ,12/29/2022,8:00,17:00
10024,Del Rosario,Tomas,12/29/2022,8:00,17:00
10025,Tolentino,Jacklyn ,12/29/2022,8:00,17:00
10001,Garcia,Manuel III,12/30/2022,0:00,0:00
10002,Lim,Antonio,12/30/2022,0:00,0:00
10003,Aquino,Bianca Sofia,12/30/2022,0:00,0:00
10004,Reyes,Isabella,12/30/2022,0:00,0:00
10005,Hernandez,Eduard,12/30/2022,0:00,0:00
10006,Villanueva,Andrea Mae,12/30/2022,0:00,0:00
10007,San Jose,Brad ,12/30/2022,0:00,0:00
10008,Romualdez,Alice,12/30/2022,0:00,0:00
10009,Atienza,Rosie ,12/30/2022,0:00,0:00
10010,Alvaro,Roderick,12/30/2022,0:00,0:00
10011,Salcedo,Anthony,12/30/2022,0:00,0:00
10012,Lopez,Josie ,12/30/2022,0:00,0:00
10013,Farala,Martha,12/30/2022,0:00,0:00
10014,Martinez,Leila,12/30/2022,0:00,0:00
10015,Romualdez,Fredrick ,12/30/2022,0:00,0:00
10016,Mata,Christian,12/30/2022,0:00,0:00
10017,De Leon,Selena ,12/30/2022,0:00,0:00
10018,San Jose,Allison ,12/30/2022,0:00,0:00
10019,Rosario,Cydney ,12/30/2022,0:00,0:00
10020,Bautista,Mark ,12/30/2022,0:00,0:00
10021,Lazaro,Darlene ,12/30/2022,0:00,0:00
10022,Delos Santos,Kolby ,12/30/2022,0:00,0:00
10023,Santos,Vella ,12/30/2022,0:00,0:00
10024,Del Rosario,Tomas,12/30/2022,0:00,0:00
10025,Tolentino,Jacklyn ,12/30/2022,0:00,0:00
